{
    "0": {
        "user_request_id": 0,
        "waiting_time": 112.3322589052,
        "priority": 4,
        "predicted_priority": 4,
        "prompt_length": 245,
        "output_length": 171,
        "predicted_output_length": 100.0
    },
    "1": {
        "user_request_id": 1,
        "waiting_time": 26.3000527487,
        "priority": 1,
        "predicted_priority": 1,
        "prompt_length": 227,
        "output_length": 125,
        "predicted_output_length": 200.0
    },
    "2": {
        "user_request_id": 2,
        "waiting_time": 174.23701941270002,
        "priority": 4,
        "predicted_priority": 4,
        "prompt_length": 444,
        "output_length": 374,
        "predicted_output_length": 400.0
    },
    "3": {
        "user_request_id": 3,
        "waiting_time": 22.4058911907,
        "priority": 1,
        "predicted_priority": 1,
        "prompt_length": 267,
        "output_length": 167,
        "predicted_output_length": 100.0
    },
    "4": {
        "user_request_id": 4,
        "waiting_time": 93.87695349650001,
        "priority": 2,
        "predicted_priority": 2,
        "prompt_length": 134,
        "output_length": 361,
        "predicted_output_length": 400.0
    },
    "5": {
        "user_request_id": 5,
        "waiting_time": 48.944927121,
        "priority": 1,
        "predicted_priority": 1,
        "prompt_length": 32,
        "output_length": 446,
        "predicted_output_length": 400.0
    },
    "6": {
        "user_request_id": 6,
        "waiting_time": 80.6730139288,
        "priority": 0,
        "predicted_priority": 2,
        "prompt_length": 413,
        "output_length": 33,
        "predicted_output_length": 100.0
    },
    "7": {
        "user_request_id": 7,
        "waiting_time": 188.51651576240002,
        "priority": 4,
        "predicted_priority": 5,
        "prompt_length": 471,
        "output_length": 98,
        "predicted_output_length": 100.0
    },
    "8": {
        "user_request_id": 8,
        "waiting_time": 145.00680191150002,
        "priority": 2,
        "predicted_priority": 4,
        "prompt_length": 281,
        "output_length": 470,
        "predicted_output_length": 400.0
    },
    "9": {
        "user_request_id": 9,
        "waiting_time": 130.1342144808,
        "priority": 4,
        "predicted_priority": 4,
        "prompt_length": 469,
        "output_length": 291,
        "predicted_output_length": 300.0
    },
    "10": {
        "user_request_id": 10,
        "waiting_time": 112.78424272410001,
        "priority": 4,
        "predicted_priority": 4,
        "prompt_length": 8,
        "output_length": 114,
        "predicted_output_length": 200.0
    },
    "11": {
        "user_request_id": 11,
        "waiting_time": 9.2294952585,
        "priority": 1,
        "predicted_priority": 1,
        "prompt_length": 48,
        "output_length": 123,
        "predicted_output_length": 100.0
    },
    "12": {
        "user_request_id": 12,
        "waiting_time": 183.36013583360003,
        "priority": 2,
        "predicted_priority": 4,
        "prompt_length": 369,
        "output_length": 412,
        "predicted_output_length": 500.0
    },
    "13": {
        "user_request_id": 13,
        "waiting_time": 76.2385104552,
        "priority": 0,
        "predicted_priority": 1,
        "prompt_length": 431,
        "output_length": 496,
        "predicted_output_length": 400.0
    },
    "14": {
        "user_request_id": 14,
        "waiting_time": 2.2736103869,
        "priority": 0,
        "predicted_priority": 0,
        "prompt_length": 205,
        "output_length": 73,
        "predicted_output_length": 1
    },
    "15": {
        "user_request_id": 15,
        "waiting_time": 101.9935004679,
        "priority": 2,
        "predicted_priority": 2,
        "prompt_length": 364,
        "output_length": 412,
        "predicted_output_length": 400.0
    },
    "16": {
        "user_request_id": 16,
        "waiting_time": 30.1995532324,
        "priority": 3,
        "predicted_priority": 1,
        "prompt_length": 423,
        "output_length": 279,
        "predicted_output_length": 200.0
    },
    "17": {
        "user_request_id": 17,
        "waiting_time": 201.00246339560002,
        "priority": 4,
        "predicted_priority": 5,
        "prompt_length": 402,
        "output_length": 230,
        "predicted_output_length": 300.0
    },
    "18": {
        "user_request_id": 18,
        "waiting_time": 2.5083788234,
        "priority": 0,
        "predicted_priority": 0,
        "prompt_length": 343,
        "output_length": 47,
        "predicted_output_length": 100.0
    },
    "19": {
        "user_request_id": 19,
        "waiting_time": 75.5853590052,
        "priority": 2,
        "predicted_priority": 2,
        "prompt_length": 321,
        "output_length": 42,
        "predicted_output_length": 1
    },
    "20": {
        "user_request_id": 20,
        "waiting_time": 10.202605500699999,
        "priority": 3,
        "predicted_priority": 1,
        "prompt_length": 1,
        "output_length": 164,
        "predicted_output_length": 100.0
    },
    "21": {
        "user_request_id": 21,
        "waiting_time": 155.24984103070003,
        "priority": 2,
        "predicted_priority": 4,
        "prompt_length": 314,
        "output_length": 449,
        "predicted_output_length": 400.0
    },
    "22": {
        "user_request_id": 22,
        "waiting_time": 191.68900670230002,
        "priority": 4,
        "predicted_priority": 5,
        "prompt_length": 253,
        "output_length": 261,
        "predicted_output_length": 200.0
    },
    "23": {
        "user_request_id": 23,
        "waiting_time": 56.2934858457,
        "priority": 1,
        "predicted_priority": 1,
        "prompt_length": 424,
        "output_length": 478,
        "predicted_output_length": 400.0
    },
    "24": {
        "user_request_id": 24,
        "waiting_time": 115.80483751340002,
        "priority": 4,
        "predicted_priority": 4,
        "prompt_length": 445,
        "output_length": 251,
        "predicted_output_length": 200.0
    },
    "average_waiting_time_with_priority": {
        "0": 40.4233783986,
        "1": 32.6347704329,
        "2": 125.8454319576,
        "3": 20.2010793665,
        "4": 153.3125698621
    },
    "total_waiting_time": 2346.8426751339
}