{
    "0": {
        "user_request_id": 0,
        "waiting_time": 5.3387584373,
        "priority": 4,
        "predicted_priority": 1,
        "prompt_length": 245,
        "output_length": 171,
        "predicted_output_length": 100.0
    },
    "1": {
        "user_request_id": 1,
        "waiting_time": 124.07482215479999,
        "priority": 1,
        "predicted_priority": 5,
        "prompt_length": 227,
        "output_length": 125,
        "predicted_output_length": 200.0
    },
    "2": {
        "user_request_id": 2,
        "waiting_time": 188.2010115207,
        "priority": 4,
        "predicted_priority": 5,
        "prompt_length": 444,
        "output_length": 374,
        "predicted_output_length": 400.0
    },
    "3": {
        "user_request_id": 3,
        "waiting_time": 120.1806605968,
        "priority": 1,
        "predicted_priority": 5,
        "prompt_length": 267,
        "output_length": 167,
        "predicted_output_length": 100.0
    },
    "4": {
        "user_request_id": 4,
        "waiting_time": 61.583634820300006,
        "priority": 2,
        "predicted_priority": 1,
        "prompt_length": 134,
        "output_length": 361,
        "predicted_output_length": 400.0
    },
    "5": {
        "user_request_id": 5,
        "waiting_time": 145.99268698329996,
        "priority": 1,
        "predicted_priority": 5,
        "prompt_length": 32,
        "output_length": 446,
        "predicted_output_length": 400.0
    },
    "6": {
        "user_request_id": 6,
        "waiting_time": 8.2084025712,
        "priority": 0,
        "predicted_priority": 1,
        "prompt_length": 413,
        "output_length": 33,
        "predicted_output_length": 100.0
    },
    "7": {
        "user_request_id": 7,
        "waiting_time": 11.3647825,
        "priority": 4,
        "predicted_priority": 1,
        "prompt_length": 471,
        "output_length": 98,
        "predicted_output_length": 100.0
    },
    "8": {
        "user_request_id": 8,
        "waiting_time": 157.868274414,
        "priority": 2,
        "predicted_priority": 5,
        "prompt_length": 281,
        "output_length": 470,
        "predicted_output_length": 400.0
    },
    "9": {
        "user_request_id": 9,
        "waiting_time": 47.3796952526,
        "priority": 4,
        "predicted_priority": 1,
        "prompt_length": 469,
        "output_length": 291,
        "predicted_output_length": 300.0
    },
    "10": {
        "user_request_id": 10,
        "waiting_time": 13.816766318900001,
        "priority": 4,
        "predicted_priority": 1,
        "prompt_length": 8,
        "output_length": 114,
        "predicted_output_length": 200.0
    },
    "11": {
        "user_request_id": 11,
        "waiting_time": 111.9535615084,
        "priority": 1,
        "predicted_priority": 5,
        "prompt_length": 48,
        "output_length": 123,
        "predicted_output_length": 100.0
    },
    "12": {
        "user_request_id": 12,
        "waiting_time": 197.3241279416,
        "priority": 2,
        "predicted_priority": 5,
        "prompt_length": 369,
        "output_length": 412,
        "predicted_output_length": 500.0
    },
    "13": {
        "user_request_id": 13,
        "waiting_time": 100.8882455204,
        "priority": 0,
        "predicted_priority": 1,
        "prompt_length": 431,
        "output_length": 496,
        "predicted_output_length": 400.0
    },
    "14": {
        "user_request_id": 14,
        "waiting_time": 3.6123688242,
        "priority": 0,
        "predicted_priority": 1,
        "prompt_length": 205,
        "output_length": 73,
        "predicted_output_length": 1
    },
    "15": {
        "user_request_id": 15,
        "waiting_time": 83.94322091090001,
        "priority": 2,
        "predicted_priority": 1,
        "prompt_length": 364,
        "output_length": 412,
        "predicted_output_length": 400.0
    },
    "16": {
        "user_request_id": 16,
        "waiting_time": 20.716266802600003,
        "priority": 3,
        "predicted_priority": 1,
        "prompt_length": 423,
        "output_length": 279,
        "predicted_output_length": 200.0
    },
    "17": {
        "user_request_id": 17,
        "waiting_time": 36.0503182852,
        "priority": 4,
        "predicted_priority": 1,
        "prompt_length": 402,
        "output_length": 230,
        "predicted_output_length": 300.0
    },
    "18": {
        "user_request_id": 18,
        "waiting_time": 3.1207476476,
        "priority": 0,
        "predicted_priority": 1,
        "prompt_length": 343,
        "output_length": 47,
        "predicted_output_length": 100.0
    },
    "19": {
        "user_request_id": 19,
        "waiting_time": 100.23509407040001,
        "priority": 2,
        "predicted_priority": 5,
        "prompt_length": 321,
        "output_length": 42,
        "predicted_output_length": 1
    },
    "20": {
        "user_request_id": 20,
        "waiting_time": 104.2082043126,
        "priority": 3,
        "predicted_priority": 5,
        "prompt_length": 1,
        "output_length": 164,
        "predicted_output_length": 100.0
    },
    "21": {
        "user_request_id": 21,
        "waiting_time": 68.82667393950001,
        "priority": 2,
        "predicted_priority": 1,
        "prompt_length": 314,
        "output_length": 449,
        "predicted_output_length": 400.0
    },
    "22": {
        "user_request_id": 22,
        "waiting_time": 125.24731309469999,
        "priority": 4,
        "predicted_priority": 5,
        "prompt_length": 253,
        "output_length": 261,
        "predicted_output_length": 200.0
    },
    "23": {
        "user_request_id": 23,
        "waiting_time": 168.2138331387,
        "priority": 1,
        "predicted_priority": 5,
        "prompt_length": 424,
        "output_length": 478,
        "predicted_output_length": 400.0
    },
    "24": {
        "user_request_id": 24,
        "waiting_time": 25.736861591900002,
        "priority": 4,
        "predicted_priority": 1,
        "prompt_length": 445,
        "output_length": 251,
        "predicted_output_length": 200.0
    },
    "average_waiting_time_with_priority": {
        "0": 28.9574411408,
        "1": 134.0831128764,
        "2": 111.6301710161,
        "3": 62.4622355576,
        "4": 56.6419383752
    },
    "total_waiting_time": 2034.0863331586002
}