{
    "0": {
        "user_request_id": 0,
        "waiting_time": 5.3387584373,
        "priority": 4,
        "predicted_priority": 1,
        "prompt_length": 245,
        "output_length": 171,
        "predicted_output_length": 100.0
    },
    "1": {
        "user_request_id": 1,
        "waiting_time": 121.97920761809999,
        "priority": 1,
        "predicted_priority": 5,
        "prompt_length": 227,
        "output_length": 125,
        "predicted_output_length": 200.0
    },
    "2": {
        "user_request_id": 2,
        "waiting_time": 118.0850460601,
        "priority": 4,
        "predicted_priority": 4,
        "prompt_length": 444,
        "output_length": 374,
        "predicted_output_length": 400.0
    },
    "3": {
        "user_request_id": 3,
        "waiting_time": 23.7071780628,
        "priority": 1,
        "predicted_priority": 1,
        "prompt_length": 267,
        "output_length": 167,
        "predicted_output_length": 100.0
    },
    "4": {
        "user_request_id": 4,
        "waiting_time": 171.74684567499997,
        "priority": 2,
        "predicted_priority": 5,
        "prompt_length": 134,
        "output_length": 361,
        "predicted_output_length": 400.0
    },
    "5": {
        "user_request_id": 5,
        "waiting_time": 160.5399061073,
        "priority": 1,
        "predicted_priority": 5,
        "prompt_length": 32,
        "output_length": 446,
        "predicted_output_length": 400.0
    },
    "6": {
        "user_request_id": 6,
        "waiting_time": 104.0978676781,
        "priority": 0,
        "predicted_priority": 4,
        "prompt_length": 413,
        "output_length": 33,
        "predicted_output_length": 100.0
    },
    "7": {
        "user_request_id": 7,
        "waiting_time": 24.8635579916,
        "priority": 4,
        "predicted_priority": 1,
        "prompt_length": 471,
        "output_length": 98,
        "predicted_output_length": 100.0
    },
    "8": {
        "user_request_id": 8,
        "waiting_time": 183.61943310569998,
        "priority": 2,
        "predicted_priority": 5,
        "prompt_length": 281,
        "output_length": 470,
        "predicted_output_length": 400.0
    },
    "9": {
        "user_request_id": 9,
        "waiting_time": 143.7945322187,
        "priority": 4,
        "predicted_priority": 5,
        "prompt_length": 469,
        "output_length": 291,
        "predicted_output_length": 300.0
    },
    "10": {
        "user_request_id": 10,
        "waiting_time": 27.3155418105,
        "priority": 4,
        "predicted_priority": 1,
        "prompt_length": 8,
        "output_length": 114,
        "predicted_output_length": 200.0
    },
    "11": {
        "user_request_id": 11,
        "waiting_time": 15.480078974400001,
        "priority": 1,
        "predicted_priority": 1,
        "prompt_length": 48,
        "output_length": 123,
        "predicted_output_length": 100.0
    },
    "12": {
        "user_request_id": 12,
        "waiting_time": 99.6633642045,
        "priority": 2,
        "predicted_priority": 1,
        "prompt_length": 369,
        "output_length": 412,
        "predicted_output_length": 500.0
    },
    "13": {
        "user_request_id": 13,
        "waiting_time": 86.5402477836,
        "priority": 0,
        "predicted_priority": 1,
        "prompt_length": 431,
        "output_length": 496,
        "predicted_output_length": 400.0
    },
    "14": {
        "user_request_id": 14,
        "waiting_time": 5.7616115364,
        "priority": 0,
        "predicted_priority": 1,
        "prompt_length": 205,
        "output_length": 73,
        "predicted_output_length": 1
    },
    "15": {
        "user_request_id": 15,
        "waiting_time": 69.5952231741,
        "priority": 2,
        "predicted_priority": 1,
        "prompt_length": 364,
        "output_length": 412,
        "predicted_output_length": 400.0
    },
    "16": {
        "user_request_id": 16,
        "waiting_time": 34.2150422942,
        "priority": 3,
        "predicted_priority": 1,
        "prompt_length": 423,
        "output_length": 279,
        "predicted_output_length": 200.0
    },
    "17": {
        "user_request_id": 17,
        "waiting_time": 132.4651552513,
        "priority": 4,
        "predicted_priority": 5,
        "prompt_length": 402,
        "output_length": 230,
        "predicted_output_length": 300.0
    },
    "18": {
        "user_request_id": 18,
        "waiting_time": 1.5083788234,
        "priority": 0,
        "predicted_priority": 0,
        "prompt_length": 343,
        "output_length": 47,
        "predicted_output_length": 100.0
    },
    "19": {
        "user_request_id": 19,
        "waiting_time": 99.0102127545,
        "priority": 2,
        "predicted_priority": 2,
        "prompt_length": 321,
        "output_length": 42,
        "predicted_output_length": 1
    },
    "20": {
        "user_request_id": 20,
        "waiting_time": 7.7347217786,
        "priority": 3,
        "predicted_priority": 1,
        "prompt_length": 1,
        "output_length": 164,
        "predicted_output_length": 100.0
    },
    "21": {
        "user_request_id": 21,
        "waiting_time": 54.4786762027,
        "priority": 2,
        "predicted_priority": 1,
        "prompt_length": 314,
        "output_length": 449,
        "predicted_output_length": 400.0
    },
    "22": {
        "user_request_id": 22,
        "waiting_time": 123.15169855799999,
        "priority": 4,
        "predicted_priority": 5,
        "prompt_length": 253,
        "output_length": 261,
        "predicted_output_length": 200.0
    },
    "23": {
        "user_request_id": 23,
        "waiting_time": 193.96499183039998,
        "priority": 1,
        "predicted_priority": 5,
        "prompt_length": 424,
        "output_length": 478,
        "predicted_output_length": 400.0
    },
    "24": {
        "user_request_id": 24,
        "waiting_time": 39.2356370835,
        "priority": 4,
        "predicted_priority": 1,
        "prompt_length": 445,
        "output_length": 251,
        "predicted_output_length": 200.0
    },
    "average_waiting_time_with_priority": {
        "0": 49.4770264554,
        "1": 103.1342725186,
        "2": 113.0189591861,
        "3": 20.9748820364,
        "4": 76.7812409264
    },
    "total_waiting_time": 2047.8929150148
}