{
    "0": {
        "user_request_id": 0,
        "waiting_time": 371.5026683059999,
        "priority": 4,
        "predicted_priority": 4,
        "prompt_length": 281,
        "output_length": 429,
        "predicted_output_length": 400.0
    },
    "1": {
        "user_request_id": 1,
        "waiting_time": 121.960238935,
        "priority": 1,
        "predicted_priority": 1,
        "prompt_length": 171,
        "output_length": 362,
        "predicted_output_length": 300.0
    },
    "2": {
        "user_request_id": 2,
        "waiting_time": 187.04323367749998,
        "priority": 2,
        "predicted_priority": 2,
        "prompt_length": 418,
        "output_length": 269,
        "predicted_output_length": 200.0
    },
    "3": {
        "user_request_id": 3,
        "waiting_time": 4.5558093895,
        "priority": 0,
        "predicted_priority": 0,
        "prompt_length": 473,
        "output_length": 142,
        "predicted_output_length": 100.0
    },
    "4": {
        "user_request_id": 4,
        "waiting_time": 22.0834400759,
        "priority": 0,
        "predicted_priority": 0,
        "prompt_length": 277,
        "output_length": 268,
        "predicted_output_length": 200.0
    },
    "5": {
        "user_request_id": 5,
        "waiting_time": 236.19161135609997,
        "priority": 2,
        "predicted_priority": 2,
        "prompt_length": 105,
        "output_length": 416,
        "predicted_output_length": 400.0
    },
    "6": {
        "user_request_id": 6,
        "waiting_time": 268.28208187129997,
        "priority": 3,
        "predicted_priority": 3,
        "prompt_length": 494,
        "output_length": 121,
        "predicted_output_length": 100.0
    },
    "7": {
        "user_request_id": 7,
        "waiting_time": 381.42661710999994,
        "priority": 4,
        "predicted_priority": 4,
        "prompt_length": 410,
        "output_length": 435,
        "predicted_output_length": 400.0
    },
    "8": {
        "user_request_id": 8,
        "waiting_time": 6.0518146759,
        "priority": 0,
        "predicted_priority": 0,
        "prompt_length": 309,
        "output_length": 111,
        "predicted_output_length": 100.0
    },
    "9": {
        "user_request_id": 9,
        "waiting_time": 248.70973465389997,
        "priority": 2,
        "predicted_priority": 2,
        "prompt_length": 281,
        "output_length": 459,
        "predicted_output_length": 400.0
    },
    "10": {
        "user_request_id": 10,
        "waiting_time": 288.72934247009994,
        "priority": 3,
        "predicted_priority": 3,
        "prompt_length": 301,
        "output_length": 348,
        "predicted_output_length": 400.0
    },
    "11": {
        "user_request_id": 11,
        "waiting_time": 192.4073243076,
        "priority": 2,
        "predicted_priority": 2,
        "prompt_length": 148,
        "output_length": 302,
        "predicted_output_length": 300.0
    },
    "12": {
        "user_request_id": 12,
        "waiting_time": 392.71581328759993,
        "priority": 4,
        "predicted_priority": 4,
        "prompt_length": 228,
        "output_length": 423,
        "predicted_output_length": 500.0
    },
    "13": {
        "user_request_id": 13,
        "waiting_time": 140.939400256,
        "priority": 1,
        "predicted_priority": 1,
        "prompt_length": 47,
        "output_length": 487,
        "predicted_output_length": 400.0
    },
    "14": {
        "user_request_id": 14,
        "waiting_time": 338.10868679479995,
        "priority": 4,
        "predicted_priority": 4,
        "prompt_length": 306,
        "output_length": 215,
        "predicted_output_length": 200.0
    },
    "15": {
        "user_request_id": 15,
        "waiting_time": 275.74605573369996,
        "priority": 3,
        "predicted_priority": 3,
        "prompt_length": 409,
        "output_length": 297,
        "predicted_output_length": 200.0
    },
    "16": {
        "user_request_id": 16,
        "waiting_time": 251.08624389069996,
        "priority": 3,
        "predicted_priority": 3,
        "prompt_length": 198,
        "output_length": 141,
        "predicted_output_length": 100.0
    },
    "17": {
        "user_request_id": 17,
        "waiting_time": 331.34524623819993,
        "priority": 4,
        "predicted_priority": 4,
        "prompt_length": 163,
        "output_length": 231,
        "predicted_output_length": 200.0
    },
    "18": {
        "user_request_id": 18,
        "waiting_time": 163.545878513,
        "priority": 2,
        "predicted_priority": 2,
        "prompt_length": 295,
        "output_length": 253,
        "predicted_output_length": 200.0
    },
    "19": {
        "user_request_id": 19,
        "waiting_time": 67.662651013,
        "priority": 0,
        "predicted_priority": 0,
        "prompt_length": 124,
        "output_length": 339,
        "predicted_output_length": 400.0
    },
    "20": {
        "user_request_id": 20,
        "waiting_time": 349.94950070129994,
        "priority": 4,
        "predicted_priority": 4,
        "prompt_length": 149,
        "output_length": 329,
        "predicted_output_length": 300.0
    },
    "21": {
        "user_request_id": 21,
        "waiting_time": 33.340525638,
        "priority": 0,
        "predicted_priority": 0,
        "prompt_length": 95,
        "output_length": 359,
        "predicted_output_length": 300.0
    },
    "22": {
        "user_request_id": 22,
        "waiting_time": 57.162168876100004,
        "priority": 0,
        "predicted_priority": 0,
        "prompt_length": 97,
        "output_length": 470,
        "predicted_output_length": 400.0
    },
    "23": {
        "user_request_id": 23,
        "waiting_time": 307.8130906032999,
        "priority": 3,
        "predicted_priority": 3,
        "prompt_length": 421,
        "output_length": 407,
        "predicted_output_length": 500.0
    },
    "24": {
        "user_request_id": 24,
        "waiting_time": 5.6683515367999995,
        "priority": 0,
        "predicted_priority": 0,
        "prompt_length": 96,
        "output_length": 183,
        "predicted_output_length": 100.0
    },
    "25": {
        "user_request_id": 25,
        "waiting_time": 309.3966405626999,
        "priority": 4,
        "predicted_priority": 4,
        "prompt_length": 17,
        "output_length": 43,
        "predicted_output_length": 100.0
    },
    "26": {
        "user_request_id": 26,
        "waiting_time": 252.34204354559995,
        "priority": 3,
        "predicted_priority": 3,
        "prompt_length": 314,
        "output_length": 167,
        "predicted_output_length": 100.0
    },
    "27": {
        "user_request_id": 27,
        "waiting_time": 204.16110821179998,
        "priority": 2,
        "predicted_priority": 2,
        "prompt_length": 337,
        "output_length": 314,
        "predicted_output_length": 300.0
    },
    "28": {
        "user_request_id": 28,
        "waiting_time": 93.7037344257,
        "priority": 1,
        "predicted_priority": 1,
        "prompt_length": 134,
        "output_length": 60,
        "predicted_output_length": 1
    },
    "29": {
        "user_request_id": 29,
        "waiting_time": 192.22519351,
        "priority": 2,
        "predicted_priority": 2,
        "prompt_length": 244,
        "output_length": 250,
        "predicted_output_length": 300.0
    },
    "30": {
        "user_request_id": 30,
        "waiting_time": 38.561855609300004,
        "priority": 0,
        "predicted_priority": 0,
        "prompt_length": 36,
        "output_length": 301,
        "predicted_output_length": 400.0
    },
    "31": {
        "user_request_id": 31,
        "waiting_time": 119.87597925540001,
        "priority": 1,
        "predicted_priority": 1,
        "prompt_length": 46,
        "output_length": 323,
        "predicted_output_length": 400.0
    },
    "32": {
        "user_request_id": 32,
        "waiting_time": 318.1897191980999,
        "priority": 4,
        "predicted_priority": 4,
        "prompt_length": 348,
        "output_length": 172,
        "predicted_output_length": 100.0
    },
    "33": {
        "user_request_id": 33,
        "waiting_time": 148.7681022676,
        "priority": 1,
        "predicted_priority": 1,
        "prompt_length": 388,
        "output_length": 433,
        "predicted_output_length": 400.0
    },
    "34": {
        "user_request_id": 34,
        "waiting_time": 92.6934260437,
        "priority": 1,
        "predicted_priority": 1,
        "prompt_length": 67,
        "output_length": 98,
        "predicted_output_length": 100.0
    },
    "35": {
        "user_request_id": 35,
        "waiting_time": 96.69643132190001,
        "priority": 1,
        "predicted_priority": 1,
        "prompt_length": 449,
        "output_length": 125,
        "predicted_output_length": 100.0
    },
    "36": {
        "user_request_id": 36,
        "waiting_time": 304.09602043209986,
        "priority": 4,
        "predicted_priority": 4,
        "prompt_length": 77,
        "output_length": 9,
        "predicted_output_length": 1
    },
    "37": {
        "user_request_id": 37,
        "waiting_time": 288.7839867538999,
        "priority": 3,
        "predicted_priority": 3,
        "prompt_length": 473,
        "output_length": 375,
        "predicted_output_length": 400.0
    },
    "38": {
        "user_request_id": 38,
        "waiting_time": 10.303547562599999,
        "priority": 0,
        "predicted_priority": 0,
        "prompt_length": 20,
        "output_length": 139,
        "predicted_output_length": 100.0
    },
    "39": {
        "user_request_id": 39,
        "waiting_time": 12.244870310799998,
        "priority": 0,
        "predicted_priority": 0,
        "prompt_length": 432,
        "output_length": 60,
        "predicted_output_length": 100.0
    },
    "40": {
        "user_request_id": 40,
        "waiting_time": 207.28895701629997,
        "priority": 2,
        "predicted_priority": 2,
        "prompt_length": 42,
        "output_length": 362,
        "predicted_output_length": 400.0
    },
    "41": {
        "user_request_id": 41,
        "waiting_time": 329.73613417479993,
        "priority": 4,
        "predicted_priority": 4,
        "prompt_length": 460,
        "output_length": 113,
        "predicted_output_length": 200.0
    },
    "42": {
        "user_request_id": 42,
        "waiting_time": 250.38441580429995,
        "priority": 3,
        "predicted_priority": 3,
        "prompt_length": 359,
        "output_length": 191,
        "predicted_output_length": 100.0
    },
    "43": {
        "user_request_id": 43,
        "waiting_time": 70.7593443777,
        "priority": 0,
        "predicted_priority": 0,
        "prompt_length": 473,
        "output_length": 407,
        "predicted_output_length": 400.0
    },
    "44": {
        "user_request_id": 44,
        "waiting_time": 143.5897644337,
        "priority": 2,
        "predicted_priority": 2,
        "prompt_length": 425,
        "output_length": 88,
        "predicted_output_length": 1
    },
    "45": {
        "user_request_id": 45,
        "waiting_time": 304.7553040970999,
        "priority": 4,
        "predicted_priority": 4,
        "prompt_length": 277,
        "output_length": 171,
        "predicted_output_length": 100.0
    },
    "46": {
        "user_request_id": 46,
        "waiting_time": 158.46910036309998,
        "priority": 2,
        "predicted_priority": 2,
        "prompt_length": 350,
        "output_length": 219,
        "predicted_output_length": 200.0
    },
    "47": {
        "user_request_id": 47,
        "waiting_time": 81.8528852979,
        "priority": 0,
        "predicted_priority": 0,
        "prompt_length": 201,
        "output_length": 418,
        "predicted_output_length": 500.0
    },
    "average_waiting_time_with_priority": {
        "0": 34.1872720303,
        "1": 116.3767589293,
        "2": 193.3631906043,
        "3": 272.8959075841,
        "4": 339.2020319002
    },
    "total_waiting_time": 9072.906094487398
}