{
    "0": {
        "user_request_id": 0,
        "waiting_time": 377.40913347119994,
        "priority": 4,
        "predicted_priority": 4,
        "prompt_length": 281,
        "output_length": 429,
        "predicted_output_length": 400.0
    },
    "1": {
        "user_request_id": 1,
        "waiting_time": 127.86670410020002,
        "priority": 1,
        "predicted_priority": 1,
        "prompt_length": 171,
        "output_length": 362,
        "predicted_output_length": 300.0
    },
    "2": {
        "user_request_id": 2,
        "waiting_time": 192.9496988427,
        "priority": 2,
        "predicted_priority": 2,
        "prompt_length": 418,
        "output_length": 269,
        "predicted_output_length": 200.0
    },
    "3": {
        "user_request_id": 3,
        "waiting_time": 8.051814675900001,
        "priority": 0,
        "predicted_priority": 0,
        "prompt_length": 473,
        "output_length": 142,
        "predicted_output_length": 100.0
    },
    "4": {
        "user_request_id": 4,
        "waiting_time": 16.466903215,
        "priority": 0,
        "predicted_priority": 0,
        "prompt_length": 277,
        "output_length": 268,
        "predicted_output_length": 200.0
    },
    "5": {
        "user_request_id": 5,
        "waiting_time": 239.09807652129996,
        "priority": 2,
        "predicted_priority": 2,
        "prompt_length": 105,
        "output_length": 416,
        "predicted_output_length": 400.0
    },
    "6": {
        "user_request_id": 6,
        "waiting_time": 273.1885470365,
        "priority": 3,
        "predicted_priority": 3,
        "prompt_length": 494,
        "output_length": 121,
        "predicted_output_length": 100.0
    },
    "7": {
        "user_request_id": 7,
        "waiting_time": 386.33308227519996,
        "priority": 4,
        "predicted_priority": 4,
        "prompt_length": 410,
        "output_length": 435,
        "predicted_output_length": 400.0
    },
    "8": {
        "user_request_id": 8,
        "waiting_time": 3.4960052864,
        "priority": 0,
        "predicted_priority": 0,
        "prompt_length": 309,
        "output_length": 111,
        "predicted_output_length": 100.0
    },
    "9": {
        "user_request_id": 9,
        "waiting_time": 253.61619981909996,
        "priority": 2,
        "predicted_priority": 2,
        "prompt_length": 281,
        "output_length": 459,
        "predicted_output_length": 400.0
    },
    "10": {
        "user_request_id": 10,
        "waiting_time": 288.63580763529995,
        "priority": 3,
        "predicted_priority": 3,
        "prompt_length": 301,
        "output_length": 348,
        "predicted_output_length": 400.0
    },
    "11": {
        "user_request_id": 11,
        "waiting_time": 192.31378947279998,
        "priority": 2,
        "predicted_priority": 2,
        "prompt_length": 148,
        "output_length": 302,
        "predicted_output_length": 300.0
    },
    "12": {
        "user_request_id": 12,
        "waiting_time": 394.62227845279995,
        "priority": 4,
        "predicted_priority": 4,
        "prompt_length": 228,
        "output_length": 423,
        "predicted_output_length": 500.0
    },
    "13": {
        "user_request_id": 13,
        "waiting_time": 142.8458654212,
        "priority": 1,
        "predicted_priority": 1,
        "prompt_length": 47,
        "output_length": 487,
        "predicted_output_length": 400.0
    },
    "14": {
        "user_request_id": 14,
        "waiting_time": 340.01515195999997,
        "priority": 4,
        "predicted_priority": 4,
        "prompt_length": 306,
        "output_length": 215,
        "predicted_output_length": 200.0
    },
    "15": {
        "user_request_id": 15,
        "waiting_time": 277.6525208989,
        "priority": 3,
        "predicted_priority": 3,
        "prompt_length": 409,
        "output_length": 297,
        "predicted_output_length": 200.0
    },
    "16": {
        "user_request_id": 16,
        "waiting_time": 252.99270905589995,
        "priority": 3,
        "predicted_priority": 3,
        "prompt_length": 198,
        "output_length": 141,
        "predicted_output_length": 100.0
    },
    "17": {
        "user_request_id": 17,
        "waiting_time": 328.2517114033999,
        "priority": 4,
        "predicted_priority": 4,
        "prompt_length": 163,
        "output_length": 231,
        "predicted_output_length": 200.0
    },
    "18": {
        "user_request_id": 18,
        "waiting_time": 162.45234367819998,
        "priority": 2,
        "predicted_priority": 2,
        "prompt_length": 295,
        "output_length": 253,
        "predicted_output_length": 200.0
    },
    "19": {
        "user_request_id": 19,
        "waiting_time": 66.5719754616,
        "priority": 0,
        "predicted_priority": 0,
        "prompt_length": 124,
        "output_length": 339,
        "predicted_output_length": 400.0
    },
    "20": {
        "user_request_id": 20,
        "waiting_time": 348.8559658664999,
        "priority": 4,
        "predicted_priority": 4,
        "prompt_length": 149,
        "output_length": 329,
        "predicted_output_length": 300.0
    },
    "21": {
        "user_request_id": 21,
        "waiting_time": 32.2498500866,
        "priority": 0,
        "predicted_priority": 0,
        "prompt_length": 95,
        "output_length": 359,
        "predicted_output_length": 300.0
    },
    "22": {
        "user_request_id": 22,
        "waiting_time": 56.0714933247,
        "priority": 0,
        "predicted_priority": 0,
        "prompt_length": 97,
        "output_length": 470,
        "predicted_output_length": 400.0
    },
    "23": {
        "user_request_id": 23,
        "waiting_time": 308.71955576849984,
        "priority": 3,
        "predicted_priority": 3,
        "prompt_length": 421,
        "output_length": 407,
        "predicted_output_length": 500.0
    },
    "24": {
        "user_request_id": 24,
        "waiting_time": 7.0834400759000005,
        "priority": 0,
        "predicted_priority": 0,
        "prompt_length": 96,
        "output_length": 183,
        "predicted_output_length": 100.0
    },
    "25": {
        "user_request_id": 25,
        "waiting_time": 305.30310572789983,
        "priority": 4,
        "predicted_priority": 4,
        "prompt_length": 17,
        "output_length": 43,
        "predicted_output_length": 100.0
    },
    "26": {
        "user_request_id": 26,
        "waiting_time": 248.24850871079994,
        "priority": 3,
        "predicted_priority": 3,
        "prompt_length": 314,
        "output_length": 167,
        "predicted_output_length": 100.0
    },
    "27": {
        "user_request_id": 27,
        "waiting_time": 200.06757337699997,
        "priority": 2,
        "predicted_priority": 2,
        "prompt_length": 337,
        "output_length": 314,
        "predicted_output_length": 300.0
    },
    "28": {
        "user_request_id": 28,
        "waiting_time": 89.61305887430001,
        "priority": 1,
        "predicted_priority": 1,
        "prompt_length": 134,
        "output_length": 60,
        "predicted_output_length": 1
    },
    "29": {
        "user_request_id": 29,
        "waiting_time": 190.1316586752,
        "priority": 2,
        "predicted_priority": 2,
        "prompt_length": 244,
        "output_length": 250,
        "predicted_output_length": 300.0
    },
    "30": {
        "user_request_id": 30,
        "waiting_time": 36.4711800579,
        "priority": 0,
        "predicted_priority": 0,
        "prompt_length": 36,
        "output_length": 301,
        "predicted_output_length": 400.0
    },
    "31": {
        "user_request_id": 31,
        "waiting_time": 112.7824444206,
        "priority": 1,
        "predicted_priority": 1,
        "prompt_length": 46,
        "output_length": 323,
        "predicted_output_length": 400.0
    },
    "32": {
        "user_request_id": 32,
        "waiting_time": 311.0961843632999,
        "priority": 4,
        "predicted_priority": 4,
        "prompt_length": 348,
        "output_length": 172,
        "predicted_output_length": 100.0
    },
    "33": {
        "user_request_id": 33,
        "waiting_time": 141.67456743280002,
        "priority": 1,
        "predicted_priority": 1,
        "prompt_length": 388,
        "output_length": 433,
        "predicted_output_length": 400.0
    },
    "34": {
        "user_request_id": 34,
        "waiting_time": 87.6027504923,
        "priority": 1,
        "predicted_priority": 1,
        "prompt_length": 67,
        "output_length": 98,
        "predicted_output_length": 100.0
    },
    "35": {
        "user_request_id": 35,
        "waiting_time": 91.6057557705,
        "priority": 1,
        "predicted_priority": 1,
        "prompt_length": 449,
        "output_length": 125,
        "predicted_output_length": 100.0
    },
    "36": {
        "user_request_id": 36,
        "waiting_time": 299.0024855972999,
        "priority": 4,
        "predicted_priority": 4,
        "prompt_length": 77,
        "output_length": 9,
        "predicted_output_length": 1
    },
    "37": {
        "user_request_id": 37,
        "waiting_time": 285.6904519190999,
        "priority": 3,
        "predicted_priority": 3,
        "prompt_length": 473,
        "output_length": 375,
        "predicted_output_length": 400.0
    },
    "38": {
        "user_request_id": 38,
        "waiting_time": 4.2201074867,
        "priority": 0,
        "predicted_priority": 0,
        "prompt_length": 20,
        "output_length": 139,
        "predicted_output_length": 100.0
    },
    "39": {
        "user_request_id": 39,
        "waiting_time": 6.1614302349,
        "priority": 0,
        "predicted_priority": 0,
        "prompt_length": 432,
        "output_length": 60,
        "predicted_output_length": 100.0
    },
    "40": {
        "user_request_id": 40,
        "waiting_time": 201.1954221815,
        "priority": 2,
        "predicted_priority": 2,
        "prompt_length": 42,
        "output_length": 362,
        "predicted_output_length": 400.0
    },
    "41": {
        "user_request_id": 41,
        "waiting_time": 323.64259933999995,
        "priority": 4,
        "predicted_priority": 4,
        "prompt_length": 460,
        "output_length": 113,
        "predicted_output_length": 200.0
    },
    "42": {
        "user_request_id": 42,
        "waiting_time": 244.29088096949997,
        "priority": 3,
        "predicted_priority": 3,
        "prompt_length": 359,
        "output_length": 191,
        "predicted_output_length": 100.0
    },
    "43": {
        "user_request_id": 43,
        "waiting_time": 64.6686688263,
        "priority": 0,
        "predicted_priority": 0,
        "prompt_length": 473,
        "output_length": 407,
        "predicted_output_length": 400.0
    },
    "44": {
        "user_request_id": 44,
        "waiting_time": 139.49622959890002,
        "priority": 2,
        "predicted_priority": 2,
        "prompt_length": 425,
        "output_length": 88,
        "predicted_output_length": 1
    },
    "45": {
        "user_request_id": 45,
        "waiting_time": 295.6617692622999,
        "priority": 4,
        "predicted_priority": 4,
        "prompt_length": 277,
        "output_length": 171,
        "predicted_output_length": 100.0
    },
    "46": {
        "user_request_id": 46,
        "waiting_time": 149.3755655283,
        "priority": 2,
        "predicted_priority": 2,
        "prompt_length": 350,
        "output_length": 219,
        "predicted_output_length": 200.0
    },
    "47": {
        "user_request_id": 47,
        "waiting_time": 72.7622097465,
        "priority": 0,
        "predicted_priority": 0,
        "prompt_length": 201,
        "output_length": 418,
        "predicted_output_length": 500.0
    },
    "average_waiting_time_with_priority": {
        "0": 31.1895898732,
        "1": 113.4273066446,
        "2": 192.0696557695,
        "3": 272.4273727493,
        "4": 337.2903152473
    },
    "total_waiting_time": 8978.5752323997
}