{
    "0": {
        "user_request_id": 0,
        "waiting_time": 370.48917731819995,
        "priority": 4,
        "predicted_priority": 4,
        "prompt_length": 281,
        "output_length": 429,
        "predicted_output_length": 400.0
    },
    "1": {
        "user_request_id": 1,
        "waiting_time": 120.94674794720001,
        "priority": 1,
        "predicted_priority": 1,
        "prompt_length": 171,
        "output_length": 362,
        "predicted_output_length": 300.0
    },
    "2": {
        "user_request_id": 2,
        "waiting_time": 185.0297426897,
        "priority": 2,
        "predicted_priority": 2,
        "prompt_length": 418,
        "output_length": 269,
        "predicted_output_length": 200.0
    },
    "3": {
        "user_request_id": 3,
        "waiting_time": 4.5558093895,
        "priority": 0,
        "predicted_priority": 0,
        "prompt_length": 473,
        "output_length": 142,
        "predicted_output_length": 100.0
    },
    "4": {
        "user_request_id": 4,
        "waiting_time": 15.466903215,
        "priority": 0,
        "predicted_priority": 0,
        "prompt_length": 277,
        "output_length": 268,
        "predicted_output_length": 200.0
    },
    "5": {
        "user_request_id": 5,
        "waiting_time": 235.17812036829997,
        "priority": 2,
        "predicted_priority": 2,
        "prompt_length": 105,
        "output_length": 416,
        "predicted_output_length": 400.0
    },
    "6": {
        "user_request_id": 6,
        "waiting_time": 268.2685908835,
        "priority": 3,
        "predicted_priority": 3,
        "prompt_length": 494,
        "output_length": 121,
        "predicted_output_length": 100.0
    },
    "7": {
        "user_request_id": 7,
        "waiting_time": 381.41312612219997,
        "priority": 4,
        "predicted_priority": 4,
        "prompt_length": 410,
        "output_length": 435,
        "predicted_output_length": 400.0
    },
    "8": {
        "user_request_id": 8,
        "waiting_time": 5.0518146759,
        "priority": 0,
        "predicted_priority": 0,
        "prompt_length": 309,
        "output_length": 111,
        "predicted_output_length": 100.0
    },
    "9": {
        "user_request_id": 9,
        "waiting_time": 247.69624366609997,
        "priority": 2,
        "predicted_priority": 2,
        "prompt_length": 281,
        "output_length": 459,
        "predicted_output_length": 400.0
    },
    "10": {
        "user_request_id": 10,
        "waiting_time": 286.71585148229997,
        "priority": 3,
        "predicted_priority": 3,
        "prompt_length": 301,
        "output_length": 348,
        "predicted_output_length": 400.0
    },
    "11": {
        "user_request_id": 11,
        "waiting_time": 190.3938333198,
        "priority": 2,
        "predicted_priority": 2,
        "prompt_length": 148,
        "output_length": 302,
        "predicted_output_length": 300.0
    },
    "12": {
        "user_request_id": 12,
        "waiting_time": 391.7023222997999,
        "priority": 4,
        "predicted_priority": 4,
        "prompt_length": 228,
        "output_length": 423,
        "predicted_output_length": 500.0
    },
    "13": {
        "user_request_id": 13,
        "waiting_time": 139.9259092682,
        "priority": 1,
        "predicted_priority": 1,
        "prompt_length": 47,
        "output_length": 487,
        "predicted_output_length": 400.0
    },
    "14": {
        "user_request_id": 14,
        "waiting_time": 336.0951958069999,
        "priority": 4,
        "predicted_priority": 4,
        "prompt_length": 306,
        "output_length": 215,
        "predicted_output_length": 200.0
    },
    "15": {
        "user_request_id": 15,
        "waiting_time": 273.73256474589994,
        "priority": 3,
        "predicted_priority": 3,
        "prompt_length": 409,
        "output_length": 297,
        "predicted_output_length": 200.0
    },
    "16": {
        "user_request_id": 16,
        "waiting_time": 248.07275290289996,
        "priority": 3,
        "predicted_priority": 3,
        "prompt_length": 198,
        "output_length": 141,
        "predicted_output_length": 100.0
    },
    "17": {
        "user_request_id": 17,
        "waiting_time": 328.3317552503999,
        "priority": 4,
        "predicted_priority": 4,
        "prompt_length": 163,
        "output_length": 231,
        "predicted_output_length": 200.0
    },
    "18": {
        "user_request_id": 18,
        "waiting_time": 161.5323875252,
        "priority": 2,
        "predicted_priority": 2,
        "prompt_length": 295,
        "output_length": 253,
        "predicted_output_length": 200.0
    },
    "19": {
        "user_request_id": 19,
        "waiting_time": 65.662651013,
        "priority": 0,
        "predicted_priority": 0,
        "prompt_length": 124,
        "output_length": 339,
        "predicted_output_length": 400.0
    },
    "20": {
        "user_request_id": 20,
        "waiting_time": 346.9360097134999,
        "priority": 4,
        "predicted_priority": 4,
        "prompt_length": 149,
        "output_length": 329,
        "predicted_output_length": 300.0
    },
    "21": {
        "user_request_id": 21,
        "waiting_time": 30.340525638000003,
        "priority": 0,
        "predicted_priority": 0,
        "prompt_length": 95,
        "output_length": 359,
        "predicted_output_length": 300.0
    },
    "22": {
        "user_request_id": 22,
        "waiting_time": 53.162168876100004,
        "priority": 0,
        "predicted_priority": 0,
        "prompt_length": 97,
        "output_length": 470,
        "predicted_output_length": 400.0
    },
    "23": {
        "user_request_id": 23,
        "waiting_time": 305.79959961549986,
        "priority": 3,
        "predicted_priority": 3,
        "prompt_length": 421,
        "output_length": 407,
        "predicted_output_length": 500.0
    },
    "24": {
        "user_request_id": 24,
        "waiting_time": 11.0834400759,
        "priority": 0,
        "predicted_priority": 0,
        "prompt_length": 96,
        "output_length": 183,
        "predicted_output_length": 100.0
    },
    "25": {
        "user_request_id": 25,
        "waiting_time": 306.38314957489985,
        "priority": 4,
        "predicted_priority": 4,
        "prompt_length": 17,
        "output_length": 43,
        "predicted_output_length": 100.0
    },
    "26": {
        "user_request_id": 26,
        "waiting_time": 248.32855255779995,
        "priority": 3,
        "predicted_priority": 3,
        "prompt_length": 314,
        "output_length": 167,
        "predicted_output_length": 100.0
    },
    "27": {
        "user_request_id": 27,
        "waiting_time": 200.147617224,
        "priority": 2,
        "predicted_priority": 2,
        "prompt_length": 337,
        "output_length": 314,
        "predicted_output_length": 300.0
    },
    "28": {
        "user_request_id": 28,
        "waiting_time": 88.7037344257,
        "priority": 1,
        "predicted_priority": 1,
        "prompt_length": 134,
        "output_length": 60,
        "predicted_output_length": 1
    },
    "29": {
        "user_request_id": 29,
        "waiting_time": 189.2117025222,
        "priority": 2,
        "predicted_priority": 2,
        "prompt_length": 244,
        "output_length": 250,
        "predicted_output_length": 300.0
    },
    "30": {
        "user_request_id": 30,
        "waiting_time": 34.5618556093,
        "priority": 0,
        "predicted_priority": 0,
        "prompt_length": 36,
        "output_length": 301,
        "predicted_output_length": 400.0
    },
    "31": {
        "user_request_id": 31,
        "waiting_time": 115.86248826760001,
        "priority": 1,
        "predicted_priority": 1,
        "prompt_length": 46,
        "output_length": 323,
        "predicted_output_length": 400.0
    },
    "32": {
        "user_request_id": 32,
        "waiting_time": 313.1762282102999,
        "priority": 4,
        "predicted_priority": 4,
        "prompt_length": 348,
        "output_length": 172,
        "predicted_output_length": 100.0
    },
    "33": {
        "user_request_id": 33,
        "waiting_time": 143.7546112798,
        "priority": 1,
        "predicted_priority": 1,
        "prompt_length": 388,
        "output_length": 433,
        "predicted_output_length": 400.0
    },
    "34": {
        "user_request_id": 34,
        "waiting_time": 88.6934260437,
        "priority": 1,
        "predicted_priority": 1,
        "prompt_length": 67,
        "output_length": 98,
        "predicted_output_length": 100.0
    },
    "35": {
        "user_request_id": 35,
        "waiting_time": 92.69643132190001,
        "priority": 1,
        "predicted_priority": 1,
        "prompt_length": 449,
        "output_length": 125,
        "predicted_output_length": 100.0
    },
    "36": {
        "user_request_id": 36,
        "waiting_time": 299.0825294442999,
        "priority": 4,
        "predicted_priority": 4,
        "prompt_length": 77,
        "output_length": 9,
        "predicted_output_length": 1
    },
    "37": {
        "user_request_id": 37,
        "waiting_time": 285.77049576609994,
        "priority": 3,
        "predicted_priority": 3,
        "prompt_length": 473,
        "output_length": 375,
        "predicted_output_length": 400.0
    },
    "38": {
        "user_request_id": 38,
        "waiting_time": 8.303547562599999,
        "priority": 0,
        "predicted_priority": 0,
        "prompt_length": 20,
        "output_length": 139,
        "predicted_output_length": 100.0
    },
    "39": {
        "user_request_id": 39,
        "waiting_time": 10.244870310799998,
        "priority": 0,
        "predicted_priority": 0,
        "prompt_length": 432,
        "output_length": 60,
        "predicted_output_length": 100.0
    },
    "40": {
        "user_request_id": 40,
        "waiting_time": 204.2754660285,
        "priority": 2,
        "predicted_priority": 2,
        "prompt_length": 42,
        "output_length": 362,
        "predicted_output_length": 400.0
    },
    "41": {
        "user_request_id": 41,
        "waiting_time": 326.72264318699996,
        "priority": 4,
        "predicted_priority": 4,
        "prompt_length": 460,
        "output_length": 113,
        "predicted_output_length": 200.0
    },
    "42": {
        "user_request_id": 42,
        "waiting_time": 246.37092481649998,
        "priority": 3,
        "predicted_priority": 3,
        "prompt_length": 359,
        "output_length": 191,
        "predicted_output_length": 100.0
    },
    "43": {
        "user_request_id": 43,
        "waiting_time": 66.7593443777,
        "priority": 0,
        "predicted_priority": 0,
        "prompt_length": 473,
        "output_length": 407,
        "predicted_output_length": 400.0
    },
    "44": {
        "user_request_id": 44,
        "waiting_time": 140.57627344590003,
        "priority": 2,
        "predicted_priority": 2,
        "prompt_length": 425,
        "output_length": 88,
        "predicted_output_length": 1
    },
    "45": {
        "user_request_id": 45,
        "waiting_time": 301.7418131092999,
        "priority": 4,
        "predicted_priority": 4,
        "prompt_length": 277,
        "output_length": 171,
        "predicted_output_length": 100.0
    },
    "46": {
        "user_request_id": 46,
        "waiting_time": 154.4556093753,
        "priority": 2,
        "predicted_priority": 2,
        "prompt_length": 350,
        "output_length": 219,
        "predicted_output_length": 200.0
    },
    "47": {
        "user_request_id": 47,
        "waiting_time": 77.8528852979,
        "priority": 0,
        "predicted_priority": 0,
        "prompt_length": 201,
        "output_length": 418,
        "predicted_output_length": 500.0
    },
    "average_waiting_time_with_priority": {
        "0": 31.9204846701,
        "1": 112.9404783649,
        "2": 190.8496996165,
        "3": 270.3824165963,
        "4": 336.5521772761
    },
    "total_waiting_time": 8947.2594435682
}