{
    "0": {
        "user_request_id": 0,
        "waiting_time": 342.9856817898,
        "priority": 4,
        "predicted_priority": 4,
        "prompt_length": 56,
        "output_length": 201,
        "predicted_output_length": 200.0
    },
    "1": {
        "user_request_id": 1,
        "waiting_time": 166.8139508026,
        "priority": 1,
        "predicted_priority": 1,
        "prompt_length": 155,
        "output_length": 429,
        "predicted_output_length": 400.0
    },
    "2": {
        "user_request_id": 2,
        "waiting_time": 374.5227431359,
        "priority": 4,
        "predicted_priority": 4,
        "prompt_length": 283,
        "output_length": 362,
        "predicted_output_length": 300.0
    },
    "3": {
        "user_request_id": 3,
        "waiting_time": 131.0665068315,
        "priority": 1,
        "predicted_priority": 1,
        "prompt_length": 150,
        "output_length": 269,
        "predicted_output_length": 200.0
    },
    "4": {
        "user_request_id": 4,
        "waiting_time": 210.6977710419,
        "priority": 2,
        "predicted_priority": 2,
        "prompt_length": 362,
        "output_length": 142,
        "predicted_output_length": 100.0
    },
    "5": {
        "user_request_id": 5,
        "waiting_time": 122.7314643166,
        "priority": 1,
        "predicted_priority": 1,
        "prompt_length": 64,
        "output_length": 268,
        "predicted_output_length": 200.0
    },
    "6": {
        "user_request_id": 6,
        "waiting_time": 48.79405737959999,
        "priority": 0,
        "predicted_priority": 0,
        "prompt_length": 281,
        "output_length": 416,
        "predicted_output_length": 400.0
    },
    "7": {
        "user_request_id": 7,
        "waiting_time": 358.5431270508,
        "priority": 4,
        "predicted_priority": 4,
        "prompt_length": 171,
        "output_length": 121,
        "predicted_output_length": 200.0
    },
    "8": {
        "user_request_id": 8,
        "waiting_time": 274.11429833610003,
        "priority": 2,
        "predicted_priority": 2,
        "prompt_length": 418,
        "output_length": 435,
        "predicted_output_length": 400.0
    },
    "9": {
        "user_request_id": 9,
        "waiting_time": 362.1129788856,
        "priority": 4,
        "predicted_priority": 4,
        "prompt_length": 473,
        "output_length": 111,
        "predicted_output_length": 200.0
    },
    "10": {
        "user_request_id": 10,
        "waiting_time": 399.2503226851,
        "priority": 4,
        "predicted_priority": 4,
        "prompt_length": 277,
        "output_length": 459,
        "predicted_output_length": 400.0
    },
    "11": {
        "user_request_id": 11,
        "waiting_time": 140.8253663348,
        "priority": 1,
        "predicted_priority": 1,
        "prompt_length": 105,
        "output_length": 348,
        "predicted_output_length": 300.0
    },
    "12": {
        "user_request_id": 12,
        "waiting_time": 248.4911264348,
        "priority": 2,
        "predicted_priority": 2,
        "prompt_length": 494,
        "output_length": 302,
        "predicted_output_length": 300.0
    },
    "13": {
        "user_request_id": 13,
        "waiting_time": 89.09579774599999,
        "priority": 0,
        "predicted_priority": 0,
        "prompt_length": 410,
        "output_length": 423,
        "predicted_output_length": 400.0
    },
    "14": {
        "user_request_id": 14,
        "waiting_time": 62.25794419489999,
        "priority": 0,
        "predicted_priority": 0,
        "prompt_length": 309,
        "output_length": 487,
        "predicted_output_length": 400.0
    },
    "15": {
        "user_request_id": 15,
        "waiting_time": 228.28870402660002,
        "priority": 2,
        "predicted_priority": 2,
        "prompt_length": 281,
        "output_length": 215,
        "predicted_output_length": 200.0
    },
    "16": {
        "user_request_id": 16,
        "waiting_time": 299.054913547,
        "priority": 3,
        "predicted_priority": 3,
        "prompt_length": 301,
        "output_length": 297,
        "predicted_output_length": 300.0
    },
    "17": {
        "user_request_id": 17,
        "waiting_time": 332.84104321940004,
        "priority": 4,
        "predicted_priority": 4,
        "prompt_length": 148,
        "output_length": 141,
        "predicted_output_length": 100.0
    },
    "18": {
        "user_request_id": 18,
        "waiting_time": 13.272115232099999,
        "priority": 0,
        "predicted_priority": 0,
        "prompt_length": 228,
        "output_length": 231,
        "predicted_output_length": 200.0
    },
    "19": {
        "user_request_id": 19,
        "waiting_time": 220.5439732243,
        "priority": 2,
        "predicted_priority": 2,
        "prompt_length": 47,
        "output_length": 253,
        "predicted_output_length": 200.0
    },
    "20": {
        "user_request_id": 20,
        "waiting_time": 316.7631597759,
        "priority": 3,
        "predicted_priority": 3,
        "prompt_length": 306,
        "output_length": 339,
        "predicted_output_length": 400.0
    },
    "21": {
        "user_request_id": 21,
        "waiting_time": 237.778688501,
        "priority": 2,
        "predicted_priority": 2,
        "prompt_length": 409,
        "output_length": 329,
        "predicted_output_length": 300.0
    },
    "22": {
        "user_request_id": 22,
        "waiting_time": 381.73499328029993,
        "priority": 4,
        "predicted_priority": 4,
        "prompt_length": 198,
        "output_length": 359,
        "predicted_output_length": 400.0
    },
    "23": {
        "user_request_id": 23,
        "waiting_time": 177.50891527439998,
        "priority": 1,
        "predicted_priority": 1,
        "prompt_length": 163,
        "output_length": 470,
        "predicted_output_length": 400.0
    },
    "24": {
        "user_request_id": 24,
        "waiting_time": 408.1156875161,
        "priority": 4,
        "predicted_priority": 4,
        "prompt_length": 295,
        "output_length": 407,
        "predicted_output_length": 400.0
    },
    "25": {
        "user_request_id": 25,
        "waiting_time": 275.74920285580004,
        "priority": 3,
        "predicted_priority": 3,
        "prompt_length": 124,
        "output_length": 183,
        "predicted_output_length": 100.0
    },
    "26": {
        "user_request_id": 26,
        "waiting_time": 277.0833759041,
        "priority": 3,
        "predicted_priority": 3,
        "prompt_length": 149,
        "output_length": 43,
        "predicted_output_length": 100.0
    },
    "27": {
        "user_request_id": 27,
        "waiting_time": 343.1078087687,
        "priority": 4,
        "predicted_priority": 4,
        "prompt_length": 95,
        "output_length": 167,
        "predicted_output_length": 200.0
    },
    "28": {
        "user_request_id": 28,
        "waiting_time": 256.1793092413,
        "priority": 2,
        "predicted_priority": 2,
        "prompt_length": 97,
        "output_length": 314,
        "predicted_output_length": 400.0
    },
    "29": {
        "user_request_id": 29,
        "waiting_time": 1.9379781101,
        "priority": 0,
        "predicted_priority": 0,
        "prompt_length": 421,
        "output_length": 60,
        "predicted_output_length": 1
    },
    "30": {
        "user_request_id": 30,
        "waiting_time": 350.79711081709996,
        "priority": 4,
        "predicted_priority": 4,
        "prompt_length": 96,
        "output_length": 250,
        "predicted_output_length": 200.0
    },
    "31": {
        "user_request_id": 31,
        "waiting_time": 30.6738170746,
        "priority": 0,
        "predicted_priority": 0,
        "prompt_length": 17,
        "output_length": 301,
        "predicted_output_length": 400.0
    },
    "32": {
        "user_request_id": 32,
        "waiting_time": 21.471378991599998,
        "priority": 0,
        "predicted_priority": 0,
        "prompt_length": 314,
        "output_length": 323,
        "predicted_output_length": 300.0
    },
    "33": {
        "user_request_id": 33,
        "waiting_time": 281.5109142206,
        "priority": 3,
        "predicted_priority": 3,
        "prompt_length": 337,
        "output_length": 172,
        "predicted_output_length": 100.0
    },
    "34": {
        "user_request_id": 34,
        "waiting_time": 99.5755514584,
        "priority": 0,
        "predicted_priority": 0,
        "prompt_length": 134,
        "output_length": 433,
        "predicted_output_length": 500.0
    },
    "35": {
        "user_request_id": 35,
        "waiting_time": 317.8258169447,
        "priority": 4,
        "predicted_priority": 4,
        "prompt_length": 244,
        "output_length": 98,
        "predicted_output_length": 1
    },
    "36": {
        "user_request_id": 36,
        "waiting_time": 287.6941981363,
        "priority": 3,
        "predicted_priority": 3,
        "prompt_length": 36,
        "output_length": 125,
        "predicted_output_length": 200.0
    },
    "37": {
        "user_request_id": 37,
        "waiting_time": 199.20182603080002,
        "priority": 2,
        "predicted_priority": 2,
        "prompt_length": 46,
        "output_length": 9,
        "predicted_output_length": 100.0
    },
    "38": {
        "user_request_id": 38,
        "waiting_time": 186.4155767617,
        "priority": 1,
        "predicted_priority": 1,
        "prompt_length": 348,
        "output_length": 375,
        "predicted_output_length": 400.0
    },
    "39": {
        "user_request_id": 39,
        "waiting_time": 208.11293076520002,
        "priority": 2,
        "predicted_priority": 2,
        "prompt_length": 388,
        "output_length": 139,
        "predicted_output_length": 100.0
    },
    "40": {
        "user_request_id": 40,
        "waiting_time": 1.8305465351999999,
        "priority": 0,
        "predicted_priority": 0,
        "prompt_length": 67,
        "output_length": 60,
        "predicted_output_length": 1
    },
    "41": {
        "user_request_id": 41,
        "waiting_time": 145.4324201785,
        "priority": 1,
        "predicted_priority": 1,
        "prompt_length": 449,
        "output_length": 362,
        "predicted_output_length": 300.0
    },
    "42": {
        "user_request_id": 42,
        "waiting_time": 324.49131766590006,
        "priority": 4,
        "predicted_priority": 4,
        "prompt_length": 77,
        "output_length": 113,
        "predicted_output_length": 100.0
    },
    "43": {
        "user_request_id": 43,
        "waiting_time": 106.51978688870001,
        "priority": 1,
        "predicted_priority": 1,
        "prompt_length": 473,
        "output_length": 191,
        "predicted_output_length": 100.0
    },
    "44": {
        "user_request_id": 44,
        "waiting_time": 197.9237496114,
        "priority": 1,
        "predicted_priority": 1,
        "prompt_length": 20,
        "output_length": 407,
        "predicted_output_length": 500.0
    },
    "45": {
        "user_request_id": 45,
        "waiting_time": 100.3999044737,
        "priority": 1,
        "predicted_priority": 1,
        "prompt_length": 432,
        "output_length": 88,
        "predicted_output_length": 100.0
    },
    "46": {
        "user_request_id": 46,
        "waiting_time": 321.0353780937,
        "priority": 4,
        "predicted_priority": 4,
        "prompt_length": 42,
        "output_length": 171,
        "predicted_output_length": 100.0
    },
    "47": {
        "user_request_id": 47,
        "waiting_time": 302.05875975469996,
        "priority": 3,
        "predicted_priority": 3,
        "prompt_length": 460,
        "output_length": 219,
        "predicted_output_length": 300.0
    },
    "48": {
        "user_request_id": 48,
        "waiting_time": 69.5617565329,
        "priority": 0,
        "predicted_priority": 0,
        "prompt_length": 359,
        "output_length": 418,
        "predicted_output_length": 400.0
    },
    "49": {
        "user_request_id": 49,
        "waiting_time": 1.0697177864,
        "priority": 0,
        "predicted_priority": 0,
        "prompt_length": 473,
        "output_length": 32,
        "predicted_output_length": 1
    },
    "50": {
        "user_request_id": 50,
        "waiting_time": 207.8004045771,
        "priority": 2,
        "predicted_priority": 2,
        "prompt_length": 425,
        "output_length": 52,
        "predicted_output_length": 100.0
    },
    "51": {
        "user_request_id": 51,
        "waiting_time": 416.76543154840004,
        "priority": 4,
        "predicted_priority": 4,
        "prompt_length": 277,
        "output_length": 401,
        "predicted_output_length": 500.0
    },
    "52": {
        "user_request_id": 52,
        "waiting_time": 280.8965562724,
        "priority": 3,
        "predicted_priority": 3,
        "prompt_length": 350,
        "output_length": 75,
        "predicted_output_length": 100.0
    },
    "average_waiting_time_with_priority": {
        "0": 39.9582419129,
        "1": 147.5637641474,
        "2": 229.1209032179,
        "3": 290.1013850584,
        "4": 359.5806743858
    },
    "total_waiting_time": 11561.3278565631
}