{
    "0": {
        "user_request_id": 0,
        "waiting_time": 338.7531370281,
        "priority": 4,
        "predicted_priority": 4,
        "prompt_length": 56,
        "output_length": 201,
        "predicted_output_length": 200.0
    },
    "1": {
        "user_request_id": 1,
        "waiting_time": 162.5814060409,
        "priority": 1,
        "predicted_priority": 1,
        "prompt_length": 155,
        "output_length": 429,
        "predicted_output_length": 400.0
    },
    "2": {
        "user_request_id": 2,
        "waiting_time": 370.2901983742,
        "priority": 4,
        "predicted_priority": 4,
        "prompt_length": 283,
        "output_length": 362,
        "predicted_output_length": 300.0
    },
    "3": {
        "user_request_id": 3,
        "waiting_time": 126.8339620698,
        "priority": 1,
        "predicted_priority": 1,
        "prompt_length": 150,
        "output_length": 269,
        "predicted_output_length": 200.0
    },
    "4": {
        "user_request_id": 4,
        "waiting_time": 206.4652262802,
        "priority": 2,
        "predicted_priority": 2,
        "prompt_length": 362,
        "output_length": 142,
        "predicted_output_length": 100.0
    },
    "5": {
        "user_request_id": 5,
        "waiting_time": 14.054638544,
        "priority": 1,
        "predicted_priority": 1,
        "prompt_length": 64,
        "output_length": 268,
        "predicted_output_length": 200.0
    },
    "6": {
        "user_request_id": 6,
        "waiting_time": 53.576190045800004,
        "priority": 0,
        "predicted_priority": 0,
        "prompt_length": 281,
        "output_length": 416,
        "predicted_output_length": 400.0
    },
    "7": {
        "user_request_id": 7,
        "waiting_time": 355.1105822891,
        "priority": 4,
        "predicted_priority": 4,
        "prompt_length": 171,
        "output_length": 121,
        "predicted_output_length": 200.0
    },
    "8": {
        "user_request_id": 8,
        "waiting_time": 270.68175357440003,
        "priority": 2,
        "predicted_priority": 2,
        "prompt_length": 418,
        "output_length": 435,
        "predicted_output_length": 400.0
    },
    "9": {
        "user_request_id": 9,
        "waiting_time": 358.6804341239,
        "priority": 4,
        "predicted_priority": 4,
        "prompt_length": 473,
        "output_length": 111,
        "predicted_output_length": 200.0
    },
    "10": {
        "user_request_id": 10,
        "waiting_time": 395.8177779234,
        "priority": 4,
        "predicted_priority": 4,
        "prompt_length": 277,
        "output_length": 459,
        "predicted_output_length": 400.0
    },
    "11": {
        "user_request_id": 11,
        "waiting_time": 137.3928215731,
        "priority": 1,
        "predicted_priority": 1,
        "prompt_length": 105,
        "output_length": 348,
        "predicted_output_length": 300.0
    },
    "12": {
        "user_request_id": 12,
        "waiting_time": 246.6585816731,
        "priority": 2,
        "predicted_priority": 2,
        "prompt_length": 494,
        "output_length": 302,
        "predicted_output_length": 300.0
    },
    "13": {
        "user_request_id": 13,
        "waiting_time": 95.4779304122,
        "priority": 0,
        "predicted_priority": 0,
        "prompt_length": 410,
        "output_length": 423,
        "predicted_output_length": 400.0
    },
    "14": {
        "user_request_id": 14,
        "waiting_time": 68.6400768611,
        "priority": 0,
        "predicted_priority": 0,
        "prompt_length": 309,
        "output_length": 487,
        "predicted_output_length": 400.0
    },
    "15": {
        "user_request_id": 15,
        "waiting_time": 226.4561592649,
        "priority": 2,
        "predicted_priority": 2,
        "prompt_length": 281,
        "output_length": 215,
        "predicted_output_length": 200.0
    },
    "16": {
        "user_request_id": 16,
        "waiting_time": 298.0223687853,
        "priority": 3,
        "predicted_priority": 3,
        "prompt_length": 301,
        "output_length": 297,
        "predicted_output_length": 300.0
    },
    "17": {
        "user_request_id": 17,
        "waiting_time": 331.8084984577,
        "priority": 4,
        "predicted_priority": 4,
        "prompt_length": 148,
        "output_length": 141,
        "predicted_output_length": 100.0
    },
    "18": {
        "user_request_id": 18,
        "waiting_time": 20.445352344499998,
        "priority": 0,
        "predicted_priority": 0,
        "prompt_length": 228,
        "output_length": 231,
        "predicted_output_length": 200.0
    },
    "19": {
        "user_request_id": 19,
        "waiting_time": 219.5114284626,
        "priority": 2,
        "predicted_priority": 2,
        "prompt_length": 47,
        "output_length": 253,
        "predicted_output_length": 200.0
    },
    "20": {
        "user_request_id": 20,
        "waiting_time": 315.7306150142,
        "priority": 3,
        "predicted_priority": 3,
        "prompt_length": 306,
        "output_length": 339,
        "predicted_output_length": 400.0
    },
    "21": {
        "user_request_id": 21,
        "waiting_time": 236.7461437393,
        "priority": 2,
        "predicted_priority": 2,
        "prompt_length": 409,
        "output_length": 329,
        "predicted_output_length": 300.0
    },
    "22": {
        "user_request_id": 22,
        "waiting_time": 380.70244851859997,
        "priority": 4,
        "predicted_priority": 4,
        "prompt_length": 198,
        "output_length": 359,
        "predicted_output_length": 400.0
    },
    "23": {
        "user_request_id": 23,
        "waiting_time": 176.4763705127,
        "priority": 1,
        "predicted_priority": 1,
        "prompt_length": 163,
        "output_length": 470,
        "predicted_output_length": 400.0
    },
    "24": {
        "user_request_id": 24,
        "waiting_time": 407.8831427544,
        "priority": 4,
        "predicted_priority": 4,
        "prompt_length": 295,
        "output_length": 407,
        "predicted_output_length": 400.0
    },
    "25": {
        "user_request_id": 25,
        "waiting_time": 275.5166580941,
        "priority": 3,
        "predicted_priority": 3,
        "prompt_length": 124,
        "output_length": 183,
        "predicted_output_length": 100.0
    },
    "26": {
        "user_request_id": 26,
        "waiting_time": 276.8508311424,
        "priority": 3,
        "predicted_priority": 3,
        "prompt_length": 149,
        "output_length": 43,
        "predicted_output_length": 100.0
    },
    "27": {
        "user_request_id": 27,
        "waiting_time": 342.875264007,
        "priority": 4,
        "predicted_priority": 4,
        "prompt_length": 95,
        "output_length": 167,
        "predicted_output_length": 200.0
    },
    "28": {
        "user_request_id": 28,
        "waiting_time": 255.9467644796,
        "priority": 2,
        "predicted_priority": 2,
        "prompt_length": 97,
        "output_length": 314,
        "predicted_output_length": 400.0
    },
    "29": {
        "user_request_id": 29,
        "waiting_time": 1.9379781101,
        "priority": 0,
        "predicted_priority": 0,
        "prompt_length": 421,
        "output_length": 60,
        "predicted_output_length": 1
    },
    "30": {
        "user_request_id": 30,
        "waiting_time": 350.5645660554,
        "priority": 4,
        "predicted_priority": 4,
        "prompt_length": 96,
        "output_length": 250,
        "predicted_output_length": 200.0
    },
    "31": {
        "user_request_id": 31,
        "waiting_time": 39.447054187000006,
        "priority": 0,
        "predicted_priority": 0,
        "prompt_length": 17,
        "output_length": 301,
        "predicted_output_length": 400.0
    },
    "32": {
        "user_request_id": 32,
        "waiting_time": 30.244616104000002,
        "priority": 0,
        "predicted_priority": 0,
        "prompt_length": 314,
        "output_length": 323,
        "predicted_output_length": 300.0
    },
    "33": {
        "user_request_id": 33,
        "waiting_time": 282.0783694589,
        "priority": 3,
        "predicted_priority": 3,
        "prompt_length": 337,
        "output_length": 172,
        "predicted_output_length": 100.0
    },
    "34": {
        "user_request_id": 34,
        "waiting_time": 108.3576841246,
        "priority": 0,
        "predicted_priority": 0,
        "prompt_length": 134,
        "output_length": 433,
        "predicted_output_length": 500.0
    },
    "35": {
        "user_request_id": 35,
        "waiting_time": 318.393272183,
        "priority": 4,
        "predicted_priority": 4,
        "prompt_length": 244,
        "output_length": 98,
        "predicted_output_length": 1
    },
    "36": {
        "user_request_id": 36,
        "waiting_time": 288.26165337460003,
        "priority": 3,
        "predicted_priority": 3,
        "prompt_length": 36,
        "output_length": 125,
        "predicted_output_length": 200.0
    },
    "37": {
        "user_request_id": 37,
        "waiting_time": 200.56928126910003,
        "priority": 2,
        "predicted_priority": 2,
        "prompt_length": 46,
        "output_length": 9,
        "predicted_output_length": 100.0
    },
    "38": {
        "user_request_id": 38,
        "waiting_time": 187.78303200000002,
        "priority": 1,
        "predicted_priority": 1,
        "prompt_length": 348,
        "output_length": 375,
        "predicted_output_length": 400.0
    },
    "39": {
        "user_request_id": 39,
        "waiting_time": 209.48038600350003,
        "priority": 2,
        "predicted_priority": 2,
        "prompt_length": 388,
        "output_length": 139,
        "predicted_output_length": 100.0
    },
    "40": {
        "user_request_id": 40,
        "waiting_time": 3.3715246453,
        "priority": 0,
        "predicted_priority": 0,
        "prompt_length": 67,
        "output_length": 60,
        "predicted_output_length": 1
    },
    "41": {
        "user_request_id": 41,
        "waiting_time": 147.5998754168,
        "priority": 1,
        "predicted_priority": 1,
        "prompt_length": 449,
        "output_length": 362,
        "predicted_output_length": 300.0
    },
    "42": {
        "user_request_id": 42,
        "waiting_time": 326.6587729042,
        "priority": 4,
        "predicted_priority": 4,
        "prompt_length": 77,
        "output_length": 113,
        "predicted_output_length": 100.0
    },
    "43": {
        "user_request_id": 43,
        "waiting_time": 116.9019195549,
        "priority": 1,
        "predicted_priority": 1,
        "prompt_length": 473,
        "output_length": 191,
        "predicted_output_length": 100.0
    },
    "44": {
        "user_request_id": 44,
        "waiting_time": 200.0912048497,
        "priority": 1,
        "predicted_priority": 1,
        "prompt_length": 20,
        "output_length": 407,
        "predicted_output_length": 500.0
    },
    "45": {
        "user_request_id": 45,
        "waiting_time": 110.7820371399,
        "priority": 1,
        "predicted_priority": 1,
        "prompt_length": 432,
        "output_length": 88,
        "predicted_output_length": 100.0
    },
    "46": {
        "user_request_id": 46,
        "waiting_time": 323.202833332,
        "priority": 4,
        "predicted_priority": 4,
        "prompt_length": 42,
        "output_length": 171,
        "predicted_output_length": 100.0
    },
    "47": {
        "user_request_id": 47,
        "waiting_time": 304.226214993,
        "priority": 3,
        "predicted_priority": 3,
        "prompt_length": 460,
        "output_length": 219,
        "predicted_output_length": 300.0
    },
    "48": {
        "user_request_id": 48,
        "waiting_time": 80.7438891991,
        "priority": 0,
        "predicted_priority": 0,
        "prompt_length": 359,
        "output_length": 418,
        "predicted_output_length": 400.0
    },
    "49": {
        "user_request_id": 49,
        "waiting_time": 4.041242431700001,
        "priority": 0,
        "predicted_priority": 0,
        "prompt_length": 473,
        "output_length": 32,
        "predicted_output_length": 1
    },
    "50": {
        "user_request_id": 50,
        "waiting_time": 210.76785981540002,
        "priority": 2,
        "predicted_priority": 2,
        "prompt_length": 425,
        "output_length": 52,
        "predicted_output_length": 100.0
    },
    "51": {
        "user_request_id": 51,
        "waiting_time": 419.7328867867,
        "priority": 4,
        "predicted_priority": 4,
        "prompt_length": 277,
        "output_length": 401,
        "predicted_output_length": 500.0
    },
    "52": {
        "user_request_id": 52,
        "waiting_time": 283.8640115107,
        "priority": 3,
        "predicted_priority": 3,
        "prompt_length": 350,
        "output_length": 75,
        "predicted_output_length": 100.0
    },
    "average_waiting_time_with_priority": {
        "0": 46.0257762241,
        "1": 138.0497267702,
        "2": 228.3283584562,
        "3": 290.5688402966,
        "4": 358.6052724813
    },
    "total_waiting_time": 11515.088927840197
}