{
    "0": {
        "user_request_id": 0,
        "waiting_time": 338.2304846889,
        "priority": 4,
        "predicted_priority": 4,
        "prompt_length": 56,
        "output_length": 201,
        "predicted_output_length": 200.0
    },
    "1": {
        "user_request_id": 1,
        "waiting_time": 162.0587537017,
        "priority": 1,
        "predicted_priority": 1,
        "prompt_length": 155,
        "output_length": 429,
        "predicted_output_length": 400.0
    },
    "2": {
        "user_request_id": 2,
        "waiting_time": 369.76754603499995,
        "priority": 4,
        "predicted_priority": 4,
        "prompt_length": 283,
        "output_length": 362,
        "predicted_output_length": 300.0
    },
    "3": {
        "user_request_id": 3,
        "waiting_time": 126.3113097306,
        "priority": 1,
        "predicted_priority": 1,
        "prompt_length": 150,
        "output_length": 269,
        "predicted_output_length": 200.0
    },
    "4": {
        "user_request_id": 4,
        "waiting_time": 205.942573941,
        "priority": 2,
        "predicted_priority": 2,
        "prompt_length": 362,
        "output_length": 142,
        "predicted_output_length": 100.0
    },
    "5": {
        "user_request_id": 5,
        "waiting_time": 13.533518519200001,
        "priority": 1,
        "predicted_priority": 1,
        "prompt_length": 64,
        "output_length": 268,
        "predicted_output_length": 200.0
    },
    "6": {
        "user_request_id": 6,
        "waiting_time": 53.153537706600005,
        "priority": 0,
        "predicted_priority": 0,
        "prompt_length": 281,
        "output_length": 416,
        "predicted_output_length": 400.0
    },
    "7": {
        "user_request_id": 7,
        "waiting_time": 354.6879299499,
        "priority": 4,
        "predicted_priority": 4,
        "prompt_length": 171,
        "output_length": 121,
        "predicted_output_length": 200.0
    },
    "8": {
        "user_request_id": 8,
        "waiting_time": 270.25910123520003,
        "priority": 2,
        "predicted_priority": 2,
        "prompt_length": 418,
        "output_length": 435,
        "predicted_output_length": 400.0
    },
    "9": {
        "user_request_id": 9,
        "waiting_time": 358.2577817847,
        "priority": 4,
        "predicted_priority": 4,
        "prompt_length": 473,
        "output_length": 111,
        "predicted_output_length": 200.0
    },
    "10": {
        "user_request_id": 10,
        "waiting_time": 395.3951255842,
        "priority": 4,
        "predicted_priority": 4,
        "prompt_length": 277,
        "output_length": 459,
        "predicted_output_length": 400.0
    },
    "11": {
        "user_request_id": 11,
        "waiting_time": 136.9701692339,
        "priority": 1,
        "predicted_priority": 1,
        "prompt_length": 105,
        "output_length": 348,
        "predicted_output_length": 300.0
    },
    "12": {
        "user_request_id": 12,
        "waiting_time": 246.43592933390002,
        "priority": 2,
        "predicted_priority": 2,
        "prompt_length": 494,
        "output_length": 302,
        "predicted_output_length": 300.0
    },
    "13": {
        "user_request_id": 13,
        "waiting_time": 95.255278073,
        "priority": 0,
        "predicted_priority": 0,
        "prompt_length": 410,
        "output_length": 423,
        "predicted_output_length": 400.0
    },
    "14": {
        "user_request_id": 14,
        "waiting_time": 68.4174245219,
        "priority": 0,
        "predicted_priority": 0,
        "prompt_length": 309,
        "output_length": 487,
        "predicted_output_length": 400.0
    },
    "15": {
        "user_request_id": 15,
        "waiting_time": 226.23350692570003,
        "priority": 2,
        "predicted_priority": 2,
        "prompt_length": 281,
        "output_length": 215,
        "predicted_output_length": 200.0
    },
    "16": {
        "user_request_id": 16,
        "waiting_time": 297.8997164461,
        "priority": 3,
        "predicted_priority": 3,
        "prompt_length": 301,
        "output_length": 297,
        "predicted_output_length": 300.0
    },
    "17": {
        "user_request_id": 17,
        "waiting_time": 331.6858461185,
        "priority": 4,
        "predicted_priority": 4,
        "prompt_length": 148,
        "output_length": 141,
        "predicted_output_length": 100.0
    },
    "18": {
        "user_request_id": 18,
        "waiting_time": 20.3319848694,
        "priority": 0,
        "predicted_priority": 0,
        "prompt_length": 228,
        "output_length": 231,
        "predicted_output_length": 200.0
    },
    "19": {
        "user_request_id": 19,
        "waiting_time": 219.38877612340002,
        "priority": 2,
        "predicted_priority": 2,
        "prompt_length": 47,
        "output_length": 253,
        "predicted_output_length": 200.0
    },
    "20": {
        "user_request_id": 20,
        "waiting_time": 315.607962675,
        "priority": 3,
        "predicted_priority": 3,
        "prompt_length": 306,
        "output_length": 339,
        "predicted_output_length": 400.0
    },
    "21": {
        "user_request_id": 21,
        "waiting_time": 236.62349140010002,
        "priority": 2,
        "predicted_priority": 2,
        "prompt_length": 409,
        "output_length": 329,
        "predicted_output_length": 300.0
    },
    "22": {
        "user_request_id": 22,
        "waiting_time": 380.5797961794,
        "priority": 4,
        "predicted_priority": 4,
        "prompt_length": 198,
        "output_length": 359,
        "predicted_output_length": 400.0
    },
    "23": {
        "user_request_id": 23,
        "waiting_time": 176.3537181735,
        "priority": 1,
        "predicted_priority": 1,
        "prompt_length": 163,
        "output_length": 470,
        "predicted_output_length": 400.0
    },
    "24": {
        "user_request_id": 24,
        "waiting_time": 407.8604904152,
        "priority": 4,
        "predicted_priority": 4,
        "prompt_length": 295,
        "output_length": 407,
        "predicted_output_length": 400.0
    },
    "25": {
        "user_request_id": 25,
        "waiting_time": 275.4940057549,
        "priority": 3,
        "predicted_priority": 3,
        "prompt_length": 124,
        "output_length": 183,
        "predicted_output_length": 100.0
    },
    "26": {
        "user_request_id": 26,
        "waiting_time": 276.8281788032,
        "priority": 3,
        "predicted_priority": 3,
        "prompt_length": 149,
        "output_length": 43,
        "predicted_output_length": 100.0
    },
    "27": {
        "user_request_id": 27,
        "waiting_time": 342.8526116678,
        "priority": 4,
        "predicted_priority": 4,
        "prompt_length": 95,
        "output_length": 167,
        "predicted_output_length": 200.0
    },
    "28": {
        "user_request_id": 28,
        "waiting_time": 255.9241121404,
        "priority": 2,
        "predicted_priority": 2,
        "prompt_length": 97,
        "output_length": 314,
        "predicted_output_length": 400.0
    },
    "29": {
        "user_request_id": 29,
        "waiting_time": 1.9379781101,
        "priority": 0,
        "predicted_priority": 0,
        "prompt_length": 421,
        "output_length": 60,
        "predicted_output_length": 1
    },
    "30": {
        "user_request_id": 30,
        "waiting_time": 350.5419137162,
        "priority": 4,
        "predicted_priority": 4,
        "prompt_length": 96,
        "output_length": 250,
        "predicted_output_length": 200.0
    },
    "31": {
        "user_request_id": 31,
        "waiting_time": 39.5336867119,
        "priority": 0,
        "predicted_priority": 0,
        "prompt_length": 17,
        "output_length": 301,
        "predicted_output_length": 400.0
    },
    "32": {
        "user_request_id": 32,
        "waiting_time": 30.3312486289,
        "priority": 0,
        "predicted_priority": 0,
        "prompt_length": 314,
        "output_length": 323,
        "predicted_output_length": 300.0
    },
    "33": {
        "user_request_id": 33,
        "waiting_time": 282.1557171197,
        "priority": 3,
        "predicted_priority": 3,
        "prompt_length": 337,
        "output_length": 172,
        "predicted_output_length": 100.0
    },
    "34": {
        "user_request_id": 34,
        "waiting_time": 108.4350317854,
        "priority": 0,
        "predicted_priority": 0,
        "prompt_length": 134,
        "output_length": 433,
        "predicted_output_length": 500.0
    },
    "35": {
        "user_request_id": 35,
        "waiting_time": 318.4706198438,
        "priority": 4,
        "predicted_priority": 4,
        "prompt_length": 244,
        "output_length": 98,
        "predicted_output_length": 1
    },
    "36": {
        "user_request_id": 36,
        "waiting_time": 288.33900103540003,
        "priority": 3,
        "predicted_priority": 3,
        "prompt_length": 36,
        "output_length": 125,
        "predicted_output_length": 200.0
    },
    "37": {
        "user_request_id": 37,
        "waiting_time": 200.74662892990003,
        "priority": 2,
        "predicted_priority": 2,
        "prompt_length": 46,
        "output_length": 9,
        "predicted_output_length": 100.0
    },
    "38": {
        "user_request_id": 38,
        "waiting_time": 187.96037966080002,
        "priority": 1,
        "predicted_priority": 1,
        "prompt_length": 348,
        "output_length": 375,
        "predicted_output_length": 400.0
    },
    "39": {
        "user_request_id": 39,
        "waiting_time": 209.65773366430003,
        "priority": 2,
        "predicted_priority": 2,
        "prompt_length": 388,
        "output_length": 139,
        "predicted_output_length": 100.0
    },
    "40": {
        "user_request_id": 40,
        "waiting_time": 3.5715246453000002,
        "priority": 0,
        "predicted_priority": 0,
        "prompt_length": 67,
        "output_length": 60,
        "predicted_output_length": 1
    },
    "41": {
        "user_request_id": 41,
        "waiting_time": 147.8772230776,
        "priority": 1,
        "predicted_priority": 1,
        "prompt_length": 449,
        "output_length": 362,
        "predicted_output_length": 300.0
    },
    "42": {
        "user_request_id": 42,
        "waiting_time": 326.93612056500007,
        "priority": 4,
        "predicted_priority": 4,
        "prompt_length": 77,
        "output_length": 113,
        "predicted_output_length": 100.0
    },
    "43": {
        "user_request_id": 43,
        "waiting_time": 117.17926721570001,
        "priority": 1,
        "predicted_priority": 1,
        "prompt_length": 473,
        "output_length": 191,
        "predicted_output_length": 100.0
    },
    "44": {
        "user_request_id": 44,
        "waiting_time": 200.36855251050002,
        "priority": 1,
        "predicted_priority": 1,
        "prompt_length": 20,
        "output_length": 407,
        "predicted_output_length": 500.0
    },
    "45": {
        "user_request_id": 45,
        "waiting_time": 111.0593848007,
        "priority": 1,
        "predicted_priority": 1,
        "prompt_length": 432,
        "output_length": 88,
        "predicted_output_length": 100.0
    },
    "46": {
        "user_request_id": 46,
        "waiting_time": 323.4801809928,
        "priority": 4,
        "predicted_priority": 4,
        "prompt_length": 42,
        "output_length": 171,
        "predicted_output_length": 100.0
    },
    "47": {
        "user_request_id": 47,
        "waiting_time": 304.5035626538,
        "priority": 3,
        "predicted_priority": 3,
        "prompt_length": 460,
        "output_length": 219,
        "predicted_output_length": 300.0
    },
    "48": {
        "user_request_id": 48,
        "waiting_time": 81.12123685990001,
        "priority": 0,
        "predicted_priority": 0,
        "prompt_length": 359,
        "output_length": 418,
        "predicted_output_length": 400.0
    },
    "49": {
        "user_request_id": 49,
        "waiting_time": 4.4412424317,
        "priority": 0,
        "predicted_priority": 0,
        "prompt_length": 473,
        "output_length": 32,
        "predicted_output_length": 1
    },
    "50": {
        "user_request_id": 50,
        "waiting_time": 211.14520747620003,
        "priority": 2,
        "predicted_priority": 2,
        "prompt_length": 425,
        "output_length": 52,
        "predicted_output_length": 100.0
    },
    "51": {
        "user_request_id": 51,
        "waiting_time": 420.11023444750003,
        "priority": 4,
        "predicted_priority": 4,
        "prompt_length": 277,
        "output_length": 401,
        "predicted_output_length": 500.0
    },
    "52": {
        "user_request_id": 52,
        "waiting_time": 284.2413591715,
        "priority": 3,
        "predicted_priority": 3,
        "prompt_length": 350,
        "output_length": 75,
        "predicted_output_length": 100.0
    },
    "average_waiting_time_with_priority": {
        "0": 46.0481976676,
        "1": 137.9672276624,
        "2": 228.235706117,
        "3": 290.6336879574,
        "4": 358.4897629992
    },
    "total_waiting_time": 11512.485697786899
}