{
    "0": {
        "user_request_id": 0,
        "waiting_time": 718.3751612793998,
        "priority": 4,
        "predicted_priority": 4,
        "prompt_length": 60,
        "output_length": 210,
        "predicted_output_length": 200.0
    },
    "1": {
        "user_request_id": 1,
        "waiting_time": 313.26170617919996,
        "priority": 1,
        "predicted_priority": 1,
        "prompt_length": 362,
        "output_length": 461,
        "predicted_output_length": 400.0
    },
    "2": {
        "user_request_id": 2,
        "waiting_time": 799.7935734761999,
        "priority": 4,
        "predicted_priority": 4,
        "prompt_length": 113,
        "output_length": 292,
        "predicted_output_length": 300.0
    },
    "3": {
        "user_request_id": 3,
        "waiting_time": 357.28087678079993,
        "priority": 1,
        "predicted_priority": 1,
        "prompt_length": 191,
        "output_length": 448,
        "predicted_output_length": 500.0
    },
    "4": {
        "user_request_id": 4,
        "waiting_time": 425.0086404896,
        "priority": 2,
        "predicted_priority": 2,
        "prompt_length": 407,
        "output_length": 261,
        "predicted_output_length": 300.0
    },
    "5": {
        "user_request_id": 5,
        "waiting_time": 264.6453239321,
        "priority": 1,
        "predicted_priority": 1,
        "prompt_length": 88,
        "output_length": 470,
        "predicted_output_length": 400.0
    },
    "6": {
        "user_request_id": 6,
        "waiting_time": 10.004702638000001,
        "priority": 0,
        "predicted_priority": 0,
        "prompt_length": 171,
        "output_length": 160,
        "predicted_output_length": 100.0
    },
    "7": {
        "user_request_id": 7,
        "waiting_time": 820.8836585484999,
        "priority": 4,
        "predicted_priority": 4,
        "prompt_length": 219,
        "output_length": 333,
        "predicted_output_length": 300.0
    },
    "8": {
        "user_request_id": 8,
        "waiting_time": 373.32670101929995,
        "priority": 2,
        "predicted_priority": 2,
        "prompt_length": 418,
        "output_length": 183,
        "predicted_output_length": 100.0
    },
    "9": {
        "user_request_id": 9,
        "waiting_time": 689.6351723291998,
        "priority": 4,
        "predicted_priority": 4,
        "prompt_length": 32,
        "output_length": 199,
        "predicted_output_length": 100.0
    },
    "10": {
        "user_request_id": 10,
        "waiting_time": 861.2342662357999,
        "priority": 4,
        "predicted_priority": 4,
        "prompt_length": 52,
        "output_length": 429,
        "predicted_output_length": 400.0
    },
    "11": {
        "user_request_id": 11,
        "waiting_time": 68.3727611701,
        "priority": 1,
        "predicted_priority": 1,
        "prompt_length": 401,
        "output_length": 337,
        "predicted_output_length": 300.0
    },
    "12": {
        "user_request_id": 12,
        "waiting_time": 362.4399832557,
        "priority": 2,
        "predicted_priority": 2,
        "prompt_length": 75,
        "output_length": 129,
        "predicted_output_length": 100.0
    },
    "13": {
        "user_request_id": 13,
        "waiting_time": 21.0385134021,
        "priority": 0,
        "predicted_priority": 0,
        "prompt_length": 438,
        "output_length": 79,
        "predicted_output_length": 100.0
    },
    "14": {
        "user_request_id": 14,
        "waiting_time": 57.53685540920001,
        "priority": 0,
        "predicted_priority": 0,
        "prompt_length": 358,
        "output_length": 288,
        "predicted_output_length": 300.0
    },
    "15": {
        "user_request_id": 15,
        "waiting_time": 416.60055293290003,
        "priority": 2,
        "predicted_priority": 2,
        "prompt_length": 113,
        "output_length": 354,
        "predicted_output_length": 300.0
    },
    "16": {
        "user_request_id": 16,
        "waiting_time": 573.5748795241999,
        "priority": 3,
        "predicted_priority": 3,
        "prompt_length": 24,
        "output_length": 7,
        "predicted_output_length": 1
    },
    "17": {
        "user_request_id": 17,
        "waiting_time": 838.6015641086999,
        "priority": 4,
        "predicted_priority": 4,
        "prompt_length": 419,
        "output_length": 235,
        "predicted_output_length": 300.0
    },
    "18": {
        "user_request_id": 18,
        "waiting_time": 123.10715853570001,
        "priority": 0,
        "predicted_priority": 0,
        "prompt_length": 294,
        "output_length": 380,
        "predicted_output_length": 400.0
    },
    "19": {
        "user_request_id": 19,
        "waiting_time": 358.4945971373999,
        "priority": 2,
        "predicted_priority": 2,
        "prompt_length": 325,
        "output_length": 41,
        "predicted_output_length": 1
    },
    "20": {
        "user_request_id": 20,
        "waiting_time": 590.3223827702998,
        "priority": 3,
        "predicted_priority": 3,
        "prompt_length": 466,
        "output_length": 172,
        "predicted_output_length": 100.0
    },
    "21": {
        "user_request_id": 21,
        "waiting_time": 546.9138989016999,
        "priority": 2,
        "predicted_priority": 2,
        "prompt_length": 480,
        "output_length": 379,
        "predicted_output_length": 400.0
    },
    "22": {
        "user_request_id": 22,
        "waiting_time": 693.3344215546998,
        "priority": 4,
        "predicted_priority": 4,
        "prompt_length": 274,
        "output_length": 24,
        "predicted_output_length": 100.0
    },
    "23": {
        "user_request_id": 23,
        "waiting_time": 197.0677568199,
        "priority": 1,
        "predicted_priority": 1,
        "prompt_length": 309,
        "output_length": 279,
        "predicted_output_length": 200.0
    },
    "24": {
        "user_request_id": 24,
        "waiting_time": 745.4124113920998,
        "priority": 4,
        "predicted_priority": 4,
        "prompt_length": 349,
        "output_length": 144,
        "predicted_output_length": 200.0
    },
    "25": {
        "user_request_id": 25,
        "waiting_time": 575.6004471317999,
        "priority": 3,
        "predicted_priority": 3,
        "prompt_length": 38,
        "output_length": 70,
        "predicted_output_length": 1
    },
    "26": {
        "user_request_id": 26,
        "waiting_time": 593.8542984396997,
        "priority": 3,
        "predicted_priority": 3,
        "prompt_length": 14,
        "output_length": 123,
        "predicted_output_length": 200.0
    },
    "27": {
        "user_request_id": 27,
        "waiting_time": 779.1242415972998,
        "priority": 4,
        "predicted_priority": 4,
        "prompt_length": 64,
        "output_length": 391,
        "predicted_output_length": 300.0
    },
    "28": {
        "user_request_id": 28,
        "waiting_time": 479.6910893260999,
        "priority": 2,
        "predicted_priority": 2,
        "prompt_length": 326,
        "output_length": 489,
        "predicted_output_length": 400.0
    },
    "29": {
        "user_request_id": 29,
        "waiting_time": 37.7342563178,
        "priority": 0,
        "predicted_priority": 0,
        "prompt_length": 97,
        "output_length": 247,
        "predicted_output_length": 300.0
    },
    "30": {
        "user_request_id": 30,
        "waiting_time": 698.8350605845999,
        "priority": 4,
        "predicted_priority": 4,
        "prompt_length": 311,
        "output_length": 181,
        "predicted_output_length": 100.0
    },
    "31": {
        "user_request_id": 31,
        "waiting_time": 78.07138276760001,
        "priority": 0,
        "predicted_priority": 0,
        "prompt_length": 426,
        "output_length": 313,
        "predicted_output_length": 300.0
    },
    "32": {
        "user_request_id": 32,
        "waiting_time": 15.7104625047,
        "priority": 0,
        "predicted_priority": 0,
        "prompt_length": 295,
        "output_length": 148,
        "predicted_output_length": 100.0
    },
    "33": {
        "user_request_id": 33,
        "waiting_time": 625.1165168494997,
        "priority": 3,
        "predicted_priority": 3,
        "prompt_length": 62,
        "output_length": 345,
        "predicted_output_length": 300.0
    },
    "34": {
        "user_request_id": 34,
        "waiting_time": 26.455129973800002,
        "priority": 0,
        "predicted_priority": 0,
        "prompt_length": 201,
        "output_length": 184,
        "predicted_output_length": 200.0
    },
    "35": {
        "user_request_id": 35,
        "waiting_time": 847.5990046173998,
        "priority": 4,
        "predicted_priority": 4,
        "prompt_length": 47,
        "output_length": 303,
        "predicted_output_length": 400.0
    },
    "36": {
        "user_request_id": 36,
        "waiting_time": 680.6469032670998,
        "priority": 3,
        "predicted_priority": 3,
        "prompt_length": 190,
        "output_length": 485,
        "predicted_output_length": 500.0
    },
    "37": {
        "user_request_id": 37,
        "waiting_time": 534.4236223231999,
        "priority": 2,
        "predicted_priority": 2,
        "prompt_length": 427,
        "output_length": 457,
        "predicted_output_length": 400.0
    },
    "38": {
        "user_request_id": 38,
        "waiting_time": 249.661325668,
        "priority": 1,
        "predicted_priority": 1,
        "prompt_length": 60,
        "output_length": 325,
        "predicted_output_length": 400.0
    },
    "39": {
        "user_request_id": 39,
        "waiting_time": 560.0926766341998,
        "priority": 2,
        "predicted_priority": 2,
        "prompt_length": 19,
        "output_length": 438,
        "predicted_output_length": 500.0
    },
    "40": {
        "user_request_id": 40,
        "waiting_time": 132.8437627512,
        "priority": 0,
        "predicted_priority": 0,
        "prompt_length": 311,
        "output_length": 318,
        "predicted_output_length": 400.0
    },
    "41": {
        "user_request_id": 41,
        "waiting_time": 174.2424860123,
        "priority": 1,
        "predicted_priority": 1,
        "prompt_length": 12,
        "output_length": 68,
        "predicted_output_length": 100.0
    },
    "42": {
        "user_request_id": 42,
        "waiting_time": 790.3740090156998,
        "priority": 4,
        "predicted_priority": 4,
        "prompt_length": 100,
        "output_length": 367,
        "predicted_output_length": 300.0
    },
    "43": {
        "user_request_id": 43,
        "waiting_time": 180.82294695739998,
        "priority": 1,
        "predicted_priority": 1,
        "prompt_length": 493,
        "output_length": 159,
        "predicted_output_length": 100.0
    },
    "44": {
        "user_request_id": 44,
        "waiting_time": 203.1605264177,
        "priority": 1,
        "predicted_priority": 1,
        "prompt_length": 497,
        "output_length": 199,
        "predicted_output_length": 200.0
    },
    "45": {
        "user_request_id": 45,
        "waiting_time": 276.12356562649995,
        "priority": 1,
        "predicted_priority": 1,
        "prompt_length": 95,
        "output_length": 384,
        "predicted_output_length": 400.0
    },
    "46": {
        "user_request_id": 46,
        "waiting_time": 751.8587509591998,
        "priority": 4,
        "predicted_priority": 4,
        "prompt_length": 368,
        "output_length": 213,
        "predicted_output_length": 200.0
    },
    "47": {
        "user_request_id": 47,
        "waiting_time": 651.5569372291998,
        "priority": 3,
        "predicted_priority": 3,
        "prompt_length": 64,
        "output_length": 425,
        "predicted_output_length": 400.0
    },
    "48": {
        "user_request_id": 48,
        "waiting_time": 48.104626547900004,
        "priority": 0,
        "predicted_priority": 0,
        "prompt_length": 246,
        "output_length": 334,
        "predicted_output_length": 300.0
    },
    "49": {
        "user_request_id": 49,
        "waiting_time": 4.6713232221,
        "priority": 0,
        "predicted_priority": 0,
        "prompt_length": 108,
        "output_length": 42,
        "predicted_output_length": 100.0
    },
    "50": {
        "user_request_id": 50,
        "waiting_time": 367.0017859145999,
        "priority": 2,
        "predicted_priority": 2,
        "prompt_length": 373,
        "output_length": 1,
        "predicted_output_length": 100.0
    },
    "51": {
        "user_request_id": 51,
        "waiting_time": 880.2917947347997,
        "priority": 4,
        "predicted_priority": 4,
        "prompt_length": 410,
        "output_length": 305,
        "predicted_output_length": 400.0
    },
    "52": {
        "user_request_id": 52,
        "waiting_time": 579.1063966355998,
        "priority": 3,
        "predicted_priority": 3,
        "prompt_length": 32,
        "output_length": 99,
        "predicted_output_length": 100.0
    },
    "53": {
        "user_request_id": 53,
        "waiting_time": 97.39534571690001,
        "priority": 0,
        "predicted_priority": 0,
        "prompt_length": 480,
        "output_length": 358,
        "predicted_output_length": 300.0
    },
    "54": {
        "user_request_id": 54,
        "waiting_time": 394.1874303424,
        "priority": 2,
        "predicted_priority": 2,
        "prompt_length": 348,
        "output_length": 172,
        "predicted_output_length": 200.0
    },
    "55": {
        "user_request_id": 55,
        "waiting_time": 683.0249011713998,
        "priority": 4,
        "predicted_priority": 4,
        "prompt_length": 12,
        "output_length": 82,
        "predicted_output_length": 1
    },
    "56": {
        "user_request_id": 56,
        "waiting_time": 366.91871643289994,
        "priority": 2,
        "predicted_priority": 2,
        "prompt_length": 279,
        "output_length": 123,
        "predicted_output_length": 100.0
    },
    "57": {
        "user_request_id": 57,
        "waiting_time": 29.931334854500005,
        "priority": 0,
        "predicted_priority": 0,
        "prompt_length": 218,
        "output_length": 115,
        "predicted_output_length": 200.0
    },
    "58": {
        "user_request_id": 58,
        "waiting_time": 830.7148753288999,
        "priority": 4,
        "predicted_priority": 4,
        "prompt_length": 318,
        "output_length": 327,
        "predicted_output_length": 300.0
    },
    "59": {
        "user_request_id": 59,
        "waiting_time": 379.8632307398,
        "priority": 2,
        "predicted_priority": 2,
        "prompt_length": 52,
        "output_length": 230,
        "predicted_output_length": 200.0
    },
    "60": {
        "user_request_id": 60,
        "waiting_time": 757.9436283527998,
        "priority": 4,
        "predicted_priority": 4,
        "prompt_length": 428,
        "output_length": 194,
        "predicted_output_length": 200.0
    },
    "61": {
        "user_request_id": 61,
        "waiting_time": 287.3220338026,
        "priority": 1,
        "predicted_priority": 1,
        "prompt_length": 134,
        "output_length": 364,
        "predicted_output_length": 400.0
    },
    "62": {
        "user_request_id": 62,
        "waiting_time": 894.1342269018998,
        "priority": 4,
        "predicted_priority": 4,
        "prompt_length": 36,
        "output_length": 449,
        "predicted_output_length": 500.0
    },
    "63": {
        "user_request_id": 63,
        "waiting_time": 809.9653791716999,
        "priority": 4,
        "predicted_priority": 4,
        "prompt_length": 114,
        "output_length": 345,
        "predicted_output_length": 300.0
    },
    "64": {
        "user_request_id": 64,
        "waiting_time": 766.8555487429998,
        "priority": 4,
        "predicted_priority": 4,
        "prompt_length": 37,
        "output_length": 291,
        "predicted_output_length": 300.0
    },
    "65": {
        "user_request_id": 65,
        "waiting_time": 493.6273625468,
        "priority": 2,
        "predicted_priority": 2,
        "prompt_length": 332,
        "output_length": 448,
        "predicted_output_length": 400.0
    },
    "66": {
        "user_request_id": 66,
        "waiting_time": 631.4076932898998,
        "priority": 3,
        "predicted_priority": 3,
        "prompt_length": 155,
        "output_length": 213,
        "predicted_output_length": 300.0
    },
    "67": {
        "user_request_id": 67,
        "waiting_time": 0.5441869977,
        "priority": 0,
        "predicted_priority": 0,
        "prompt_length": 180,
        "output_length": 17,
        "predicted_output_length": 1
    },
    "68": {
        "user_request_id": 68,
        "waiting_time": 731.2410753358998,
        "priority": 4,
        "predicted_priority": 4,
        "prompt_length": 224,
        "output_length": 206,
        "predicted_output_length": 200.0
    },
    "69": {
        "user_request_id": 69,
        "waiting_time": 665.2289835867998,
        "priority": 3,
        "predicted_priority": 3,
        "prompt_length": 93,
        "output_length": 447,
        "predicted_output_length": 500.0
    },
    "70": {
        "user_request_id": 70,
        "waiting_time": 405.1381602817,
        "priority": 2,
        "predicted_priority": 2,
        "prompt_length": 32,
        "output_length": 360,
        "predicted_output_length": 300.0
    },
    "71": {
        "user_request_id": 71,
        "waiting_time": 740.3634817195998,
        "priority": 4,
        "predicted_priority": 4,
        "prompt_length": 258,
        "output_length": 291,
        "predicted_output_length": 200.0
    },
    "72": {
        "user_request_id": 72,
        "waiting_time": 219.614147127,
        "priority": 1,
        "predicted_priority": 1,
        "prompt_length": 240,
        "output_length": 215,
        "predicted_output_length": 300.0
    },
    "73": {
        "user_request_id": 73,
        "waiting_time": 436.57084256359997,
        "priority": 2,
        "predicted_priority": 2,
        "prompt_length": 21,
        "output_length": 396,
        "predicted_output_length": 400.0
    },
    "74": {
        "user_request_id": 74,
        "waiting_time": 297.9583708977,
        "priority": 1,
        "predicted_priority": 1,
        "prompt_length": 306,
        "output_length": 340,
        "predicted_output_length": 400.0
    },
    "75": {
        "user_request_id": 75,
        "waiting_time": 239.462406601,
        "priority": 1,
        "predicted_priority": 1,
        "prompt_length": 52,
        "output_length": 364,
        "predicted_output_length": 400.0
    },
    "76": {
        "user_request_id": 76,
        "waiting_time": 174.8341413377,
        "priority": 1,
        "predicted_priority": 1,
        "prompt_length": 359,
        "output_length": 24,
        "predicted_output_length": 100.0
    },
    "77": {
        "user_request_id": 77,
        "waiting_time": 3.0870945618000003,
        "priority": 0,
        "predicted_priority": 0,
        "prompt_length": 201,
        "output_length": 85,
        "predicted_output_length": 1
    },
    "78": {
        "user_request_id": 78,
        "waiting_time": 724.7209800696999,
        "priority": 4,
        "predicted_priority": 4,
        "prompt_length": 103,
        "output_length": 229,
        "predicted_output_length": 200.0
    },
    "79": {
        "user_request_id": 79,
        "waiting_time": 362.86455646969995,
        "priority": 2,
        "predicted_priority": 2,
        "prompt_length": 134,
        "output_length": 33,
        "predicted_output_length": 100.0
    },
    "80": {
        "user_request_id": 80,
        "waiting_time": 606.4419709632997,
        "priority": 3,
        "predicted_priority": 3,
        "prompt_length": 184,
        "output_length": 133,
        "predicted_output_length": 200.0
    },
    "81": {
        "user_request_id": 81,
        "waiting_time": 158.7202209253,
        "priority": 0,
        "predicted_priority": 0,
        "prompt_length": 464,
        "output_length": 360,
        "predicted_output_length": 400.0
    },
    "82": {
        "user_request_id": 82,
        "waiting_time": 17.893085257,
        "priority": 0,
        "predicted_priority": 0,
        "prompt_length": 375,
        "output_length": 81,
        "predicted_output_length": 100.0
    },
    "83": {
        "user_request_id": 83,
        "waiting_time": 187.677534043,
        "priority": 1,
        "predicted_priority": 1,
        "prompt_length": 241,
        "output_length": 229,
        "predicted_output_length": 200.0
    },
    "84": {
        "user_request_id": 84,
        "waiting_time": 228.1633123613,
        "priority": 1,
        "predicted_priority": 1,
        "prompt_length": 430,
        "output_length": 271,
        "predicted_output_length": 300.0
    },
    "85": {
        "user_request_id": 85,
        "waiting_time": 147.16051074220002,
        "priority": 0,
        "predicted_priority": 0,
        "prompt_length": 462,
        "output_length": 454,
        "predicted_output_length": 400.0
    },
    "86": {
        "user_request_id": 86,
        "waiting_time": 85.5849798641,
        "priority": 0,
        "predicted_priority": 0,
        "prompt_length": 471,
        "output_length": 250,
        "predicted_output_length": 300.0
    },
    "87": {
        "user_request_id": 87,
        "waiting_time": 924.0326828141998,
        "priority": 4,
        "predicted_priority": 4,
        "prompt_length": 292,
        "output_length": 465,
        "predicted_output_length": 500.0
    },
    "88": {
        "user_request_id": 88,
        "waiting_time": 602.2210096348997,
        "priority": 3,
        "predicted_priority": 3,
        "prompt_length": 87,
        "output_length": 288,
        "predicted_output_length": 200.0
    },
    "89": {
        "user_request_id": 89,
        "waiting_time": 870.2698366774998,
        "priority": 4,
        "predicted_priority": 4,
        "prompt_length": 358,
        "output_length": 310,
        "predicted_output_length": 400.0
    },
    "90": {
        "user_request_id": 90,
        "waiting_time": 505.7134177658999,
        "priority": 2,
        "predicted_priority": 2,
        "prompt_length": 345,
        "output_length": 387,
        "predicted_output_length": 400.0
    },
    "91": {
        "user_request_id": 91,
        "waiting_time": 682.7690131834997,
        "priority": 4,
        "predicted_priority": 4,
        "prompt_length": 105,
        "output_length": 1,
        "predicted_output_length": 1
    },
    "92": {
        "user_request_id": 92,
        "waiting_time": 327.08999472819994,
        "priority": 1,
        "predicted_priority": 1,
        "prompt_length": 495,
        "output_length": 453,
        "predicted_output_length": 400.0
    },
    "93": {
        "user_request_id": 93,
        "waiting_time": 175.3135143392,
        "priority": 1,
        "predicted_priority": 1,
        "prompt_length": 393,
        "output_length": 20,
        "predicted_output_length": 100.0
    },
    "94": {
        "user_request_id": 94,
        "waiting_time": 711.1470724408998,
        "priority": 4,
        "predicted_priority": 4,
        "prompt_length": 30,
        "output_length": 254,
        "predicted_output_length": 200.0
    },
    "95": {
        "user_request_id": 95,
        "waiting_time": 584.1141743804998,
        "priority": 3,
        "predicted_priority": 3,
        "prompt_length": 404,
        "output_length": 167,
        "predicted_output_length": 100.0
    },
    "96": {
        "user_request_id": 96,
        "waiting_time": 703.3841679363999,
        "priority": 4,
        "predicted_priority": 4,
        "prompt_length": 347,
        "output_length": 160,
        "predicted_output_length": 100.0
    },
    "97": {
        "user_request_id": 97,
        "waiting_time": 449.6499557583,
        "priority": 2,
        "predicted_priority": 2,
        "prompt_length": 82,
        "output_length": 429,
        "predicted_output_length": 400.0
    },
    "98": {
        "user_request_id": 98,
        "waiting_time": 613.9939905595998,
        "priority": 3,
        "predicted_priority": 3,
        "prompt_length": 433,
        "output_length": 240,
        "predicted_output_length": 200.0
    },
    "99": {
        "user_request_id": 99,
        "waiting_time": 575.7946621213999,
        "priority": 3,
        "predicted_priority": 3,
        "prompt_length": 83,
        "output_length": 26,
        "predicted_output_length": 1
    },
    "100": {
        "user_request_id": 100,
        "waiting_time": 572.6545990272999,
        "priority": 2,
        "predicted_priority": 2,
        "prompt_length": 176,
        "output_length": 415,
        "predicted_output_length": 500.0
    },
    "101": {
        "user_request_id": 101,
        "waiting_time": 110.31164789440001,
        "priority": 0,
        "predicted_priority": 0,
        "prompt_length": 272,
        "output_length": 422,
        "predicted_output_length": 400.0
    },
    "102": {
        "user_request_id": 102,
        "waiting_time": 463.5363694346,
        "priority": 2,
        "predicted_priority": 2,
        "prompt_length": 129,
        "output_length": 449,
        "predicted_output_length": 400.0
    },
    "103": {
        "user_request_id": 103,
        "waiting_time": 909.2051356382998,
        "priority": 4,
        "predicted_priority": 4,
        "prompt_length": 61,
        "output_length": 499,
        "predicted_output_length": 500.0
    },
    "104": {
        "user_request_id": 104,
        "waiting_time": 171.6891714506,
        "priority": 0,
        "predicted_priority": 0,
        "prompt_length": 306,
        "output_length": 416,
        "predicted_output_length": 500.0
    },
    "105": {
        "user_request_id": 105,
        "waiting_time": 637.9313103410998,
        "priority": 3,
        "predicted_priority": 3,
        "prompt_length": 472,
        "output_length": 213,
        "predicted_output_length": 300.0
    },
    "106": {
        "user_request_id": 106,
        "waiting_time": 691.7598011899997,
        "priority": 4,
        "predicted_priority": 4,
        "prompt_length": 227,
        "output_length": 97,
        "predicted_output_length": 100.0
    },
    "107": {
        "user_request_id": 107,
        "waiting_time": 388.35001524139994,
        "priority": 2,
        "predicted_priority": 2,
        "prompt_length": 341,
        "output_length": 281,
        "predicted_output_length": 200.0
    },
    "108": {
        "user_request_id": 108,
        "waiting_time": 342.3413800456999,
        "priority": 1,
        "predicted_priority": 1,
        "prompt_length": 90,
        "output_length": 494,
        "predicted_output_length": 500.0
    },
    "109": {
        "user_request_id": 109,
        "waiting_time": 212.6000960294,
        "priority": 1,
        "predicted_priority": 1,
        "prompt_length": 7,
        "output_length": 325,
        "predicted_output_length": 300.0
    },
    "110": {
        "user_request_id": 110,
        "waiting_time": 10.462548434099999,
        "priority": 0,
        "predicted_priority": 0,
        "prompt_length": 242,
        "output_length": 43,
        "predicted_output_length": 100.0
    },
    "111": {
        "user_request_id": 111,
        "waiting_time": 519.2532357778999,
        "priority": 2,
        "predicted_priority": 2,
        "prompt_length": 349,
        "output_length": 429,
        "predicted_output_length": 400.0
    },
    "average_waiting_time_with_priority": {
        "0": 63.0935591259,
        "1": 237.000771756,
        "2": 441.8400626225,
        "3": 611.6820347953,
        "4": 778.2294965703
    },
    "total_waiting_time": 49661.193401796685
}