{
    "0": {
        "user_request_id": 0,
        "waiting_time": 718.9882791829998,
        "priority": 4,
        "predicted_priority": 4,
        "prompt_length": 60,
        "output_length": 210,
        "predicted_output_length": 200.0
    },
    "1": {
        "user_request_id": 1,
        "waiting_time": 313.8748240828,
        "priority": 1,
        "predicted_priority": 1,
        "prompt_length": 362,
        "output_length": 461,
        "predicted_output_length": 400.0
    },
    "2": {
        "user_request_id": 2,
        "waiting_time": 800.4066913797999,
        "priority": 4,
        "predicted_priority": 4,
        "prompt_length": 113,
        "output_length": 292,
        "predicted_output_length": 300.0
    },
    "3": {
        "user_request_id": 3,
        "waiting_time": 357.89399468439996,
        "priority": 1,
        "predicted_priority": 1,
        "prompt_length": 191,
        "output_length": 448,
        "predicted_output_length": 500.0
    },
    "4": {
        "user_request_id": 4,
        "waiting_time": 425.6217583932,
        "priority": 2,
        "predicted_priority": 2,
        "prompt_length": 407,
        "output_length": 261,
        "predicted_output_length": 300.0
    },
    "5": {
        "user_request_id": 5,
        "waiting_time": 265.25844183569995,
        "priority": 1,
        "predicted_priority": 1,
        "prompt_length": 88,
        "output_length": 470,
        "predicted_output_length": 400.0
    },
    "6": {
        "user_request_id": 6,
        "waiting_time": 10.6178205416,
        "priority": 0,
        "predicted_priority": 0,
        "prompt_length": 171,
        "output_length": 160,
        "predicted_output_length": 100.0
    },
    "7": {
        "user_request_id": 7,
        "waiting_time": 821.4967764520998,
        "priority": 4,
        "predicted_priority": 4,
        "prompt_length": 219,
        "output_length": 333,
        "predicted_output_length": 300.0
    },
    "8": {
        "user_request_id": 8,
        "waiting_time": 373.9398189228999,
        "priority": 2,
        "predicted_priority": 2,
        "prompt_length": 418,
        "output_length": 183,
        "predicted_output_length": 100.0
    },
    "9": {
        "user_request_id": 9,
        "waiting_time": 690.2482902327997,
        "priority": 4,
        "predicted_priority": 4,
        "prompt_length": 32,
        "output_length": 199,
        "predicted_output_length": 100.0
    },
    "10": {
        "user_request_id": 10,
        "waiting_time": 861.8473841393999,
        "priority": 4,
        "predicted_priority": 4,
        "prompt_length": 52,
        "output_length": 429,
        "predicted_output_length": 400.0
    },
    "11": {
        "user_request_id": 11,
        "waiting_time": 68.9858790737,
        "priority": 1,
        "predicted_priority": 1,
        "prompt_length": 401,
        "output_length": 337,
        "predicted_output_length": 300.0
    },
    "12": {
        "user_request_id": 12,
        "waiting_time": 362.95310115929993,
        "priority": 2,
        "predicted_priority": 2,
        "prompt_length": 75,
        "output_length": 129,
        "predicted_output_length": 100.0
    },
    "13": {
        "user_request_id": 13,
        "waiting_time": 21.5516313057,
        "priority": 0,
        "predicted_priority": 0,
        "prompt_length": 438,
        "output_length": 79,
        "predicted_output_length": 100.0
    },
    "14": {
        "user_request_id": 14,
        "waiting_time": 58.049973312800006,
        "priority": 0,
        "predicted_priority": 0,
        "prompt_length": 358,
        "output_length": 288,
        "predicted_output_length": 300.0
    },
    "15": {
        "user_request_id": 15,
        "waiting_time": 417.1136708365,
        "priority": 2,
        "predicted_priority": 2,
        "prompt_length": 113,
        "output_length": 354,
        "predicted_output_length": 300.0
    },
    "16": {
        "user_request_id": 16,
        "waiting_time": 574.0879974277998,
        "priority": 3,
        "predicted_priority": 3,
        "prompt_length": 24,
        "output_length": 7,
        "predicted_output_length": 1
    },
    "17": {
        "user_request_id": 17,
        "waiting_time": 839.1146820122999,
        "priority": 4,
        "predicted_priority": 4,
        "prompt_length": 419,
        "output_length": 235,
        "predicted_output_length": 300.0
    },
    "18": {
        "user_request_id": 18,
        "waiting_time": 123.62027643930001,
        "priority": 0,
        "predicted_priority": 0,
        "prompt_length": 294,
        "output_length": 380,
        "predicted_output_length": 400.0
    },
    "19": {
        "user_request_id": 19,
        "waiting_time": 359.0077150409999,
        "priority": 2,
        "predicted_priority": 2,
        "prompt_length": 325,
        "output_length": 41,
        "predicted_output_length": 1
    },
    "20": {
        "user_request_id": 20,
        "waiting_time": 590.8355006738998,
        "priority": 3,
        "predicted_priority": 3,
        "prompt_length": 466,
        "output_length": 172,
        "predicted_output_length": 100.0
    },
    "21": {
        "user_request_id": 21,
        "waiting_time": 547.4270168052999,
        "priority": 2,
        "predicted_priority": 2,
        "prompt_length": 480,
        "output_length": 379,
        "predicted_output_length": 400.0
    },
    "22": {
        "user_request_id": 22,
        "waiting_time": 693.8475394582998,
        "priority": 4,
        "predicted_priority": 4,
        "prompt_length": 274,
        "output_length": 24,
        "predicted_output_length": 100.0
    },
    "23": {
        "user_request_id": 23,
        "waiting_time": 197.5808747235,
        "priority": 1,
        "predicted_priority": 1,
        "prompt_length": 309,
        "output_length": 279,
        "predicted_output_length": 200.0
    },
    "24": {
        "user_request_id": 24,
        "waiting_time": 745.9255292956998,
        "priority": 4,
        "predicted_priority": 4,
        "prompt_length": 349,
        "output_length": 144,
        "predicted_output_length": 200.0
    },
    "25": {
        "user_request_id": 25,
        "waiting_time": 576.0135650353999,
        "priority": 3,
        "predicted_priority": 3,
        "prompt_length": 38,
        "output_length": 70,
        "predicted_output_length": 1
    },
    "26": {
        "user_request_id": 26,
        "waiting_time": 594.1674163432997,
        "priority": 3,
        "predicted_priority": 3,
        "prompt_length": 14,
        "output_length": 123,
        "predicted_output_length": 200.0
    },
    "27": {
        "user_request_id": 27,
        "waiting_time": 779.4373595008998,
        "priority": 4,
        "predicted_priority": 4,
        "prompt_length": 64,
        "output_length": 391,
        "predicted_output_length": 300.0
    },
    "28": {
        "user_request_id": 28,
        "waiting_time": 480.00420722969994,
        "priority": 2,
        "predicted_priority": 2,
        "prompt_length": 326,
        "output_length": 489,
        "predicted_output_length": 400.0
    },
    "29": {
        "user_request_id": 29,
        "waiting_time": 38.047374221400005,
        "priority": 0,
        "predicted_priority": 0,
        "prompt_length": 97,
        "output_length": 247,
        "predicted_output_length": 300.0
    },
    "30": {
        "user_request_id": 30,
        "waiting_time": 699.1481784881998,
        "priority": 4,
        "predicted_priority": 4,
        "prompt_length": 311,
        "output_length": 181,
        "predicted_output_length": 100.0
    },
    "31": {
        "user_request_id": 31,
        "waiting_time": 78.38450067120002,
        "priority": 0,
        "predicted_priority": 0,
        "prompt_length": 426,
        "output_length": 313,
        "predicted_output_length": 300.0
    },
    "32": {
        "user_request_id": 32,
        "waiting_time": 16.0235804083,
        "priority": 0,
        "predicted_priority": 0,
        "prompt_length": 295,
        "output_length": 148,
        "predicted_output_length": 100.0
    },
    "33": {
        "user_request_id": 33,
        "waiting_time": 625.4296347530998,
        "priority": 3,
        "predicted_priority": 3,
        "prompt_length": 62,
        "output_length": 345,
        "predicted_output_length": 300.0
    },
    "34": {
        "user_request_id": 34,
        "waiting_time": 26.668247877400002,
        "priority": 0,
        "predicted_priority": 0,
        "prompt_length": 201,
        "output_length": 184,
        "predicted_output_length": 200.0
    },
    "35": {
        "user_request_id": 35,
        "waiting_time": 847.8121225209999,
        "priority": 4,
        "predicted_priority": 4,
        "prompt_length": 47,
        "output_length": 303,
        "predicted_output_length": 400.0
    },
    "36": {
        "user_request_id": 36,
        "waiting_time": 680.8600211706998,
        "priority": 3,
        "predicted_priority": 3,
        "prompt_length": 190,
        "output_length": 485,
        "predicted_output_length": 500.0
    },
    "37": {
        "user_request_id": 37,
        "waiting_time": 534.6367402267999,
        "priority": 2,
        "predicted_priority": 2,
        "prompt_length": 427,
        "output_length": 457,
        "predicted_output_length": 400.0
    },
    "38": {
        "user_request_id": 38,
        "waiting_time": 249.87444357159998,
        "priority": 1,
        "predicted_priority": 1,
        "prompt_length": 60,
        "output_length": 325,
        "predicted_output_length": 400.0
    },
    "39": {
        "user_request_id": 39,
        "waiting_time": 560.3057945377999,
        "priority": 2,
        "predicted_priority": 2,
        "prompt_length": 19,
        "output_length": 438,
        "predicted_output_length": 500.0
    },
    "40": {
        "user_request_id": 40,
        "waiting_time": 133.0568806548,
        "priority": 0,
        "predicted_priority": 0,
        "prompt_length": 311,
        "output_length": 318,
        "predicted_output_length": 400.0
    },
    "41": {
        "user_request_id": 41,
        "waiting_time": 174.4556039159,
        "priority": 1,
        "predicted_priority": 1,
        "prompt_length": 12,
        "output_length": 68,
        "predicted_output_length": 100.0
    },
    "42": {
        "user_request_id": 42,
        "waiting_time": 790.5871269192999,
        "priority": 4,
        "predicted_priority": 4,
        "prompt_length": 100,
        "output_length": 367,
        "predicted_output_length": 300.0
    },
    "43": {
        "user_request_id": 43,
        "waiting_time": 181.036064861,
        "priority": 1,
        "predicted_priority": 1,
        "prompt_length": 493,
        "output_length": 159,
        "predicted_output_length": 100.0
    },
    "44": {
        "user_request_id": 44,
        "waiting_time": 203.3736443213,
        "priority": 1,
        "predicted_priority": 1,
        "prompt_length": 497,
        "output_length": 199,
        "predicted_output_length": 200.0
    },
    "45": {
        "user_request_id": 45,
        "waiting_time": 276.33668353009995,
        "priority": 1,
        "predicted_priority": 1,
        "prompt_length": 95,
        "output_length": 384,
        "predicted_output_length": 400.0
    },
    "46": {
        "user_request_id": 46,
        "waiting_time": 752.0718688627998,
        "priority": 4,
        "predicted_priority": 4,
        "prompt_length": 368,
        "output_length": 213,
        "predicted_output_length": 200.0
    },
    "47": {
        "user_request_id": 47,
        "waiting_time": 651.7700551327997,
        "priority": 3,
        "predicted_priority": 3,
        "prompt_length": 64,
        "output_length": 425,
        "predicted_output_length": 400.0
    },
    "48": {
        "user_request_id": 48,
        "waiting_time": 48.317744451500005,
        "priority": 0,
        "predicted_priority": 0,
        "prompt_length": 246,
        "output_length": 334,
        "predicted_output_length": 300.0
    },
    "49": {
        "user_request_id": 49,
        "waiting_time": 4.8713232221,
        "priority": 0,
        "predicted_priority": 0,
        "prompt_length": 108,
        "output_length": 42,
        "predicted_output_length": 100.0
    },
    "50": {
        "user_request_id": 50,
        "waiting_time": 367.11490381819993,
        "priority": 2,
        "predicted_priority": 2,
        "prompt_length": 373,
        "output_length": 1,
        "predicted_output_length": 100.0
    },
    "51": {
        "user_request_id": 51,
        "waiting_time": 880.4049126383998,
        "priority": 4,
        "predicted_priority": 4,
        "prompt_length": 410,
        "output_length": 305,
        "predicted_output_length": 400.0
    },
    "52": {
        "user_request_id": 52,
        "waiting_time": 579.2195145391998,
        "priority": 3,
        "predicted_priority": 3,
        "prompt_length": 32,
        "output_length": 99,
        "predicted_output_length": 100.0
    },
    "53": {
        "user_request_id": 53,
        "waiting_time": 97.50846362050001,
        "priority": 0,
        "predicted_priority": 0,
        "prompt_length": 480,
        "output_length": 358,
        "predicted_output_length": 300.0
    },
    "54": {
        "user_request_id": 54,
        "waiting_time": 394.300548246,
        "priority": 2,
        "predicted_priority": 2,
        "prompt_length": 348,
        "output_length": 172,
        "predicted_output_length": 200.0
    },
    "55": {
        "user_request_id": 55,
        "waiting_time": 683.1380190749998,
        "priority": 4,
        "predicted_priority": 4,
        "prompt_length": 12,
        "output_length": 82,
        "predicted_output_length": 1
    },
    "56": {
        "user_request_id": 56,
        "waiting_time": 367.0318343364999,
        "priority": 2,
        "predicted_priority": 2,
        "prompt_length": 279,
        "output_length": 123,
        "predicted_output_length": 100.0
    },
    "57": {
        "user_request_id": 57,
        "waiting_time": 30.044452758100004,
        "priority": 0,
        "predicted_priority": 0,
        "prompt_length": 218,
        "output_length": 115,
        "predicted_output_length": 200.0
    },
    "58": {
        "user_request_id": 58,
        "waiting_time": 830.8279932324998,
        "priority": 4,
        "predicted_priority": 4,
        "prompt_length": 318,
        "output_length": 327,
        "predicted_output_length": 300.0
    },
    "59": {
        "user_request_id": 59,
        "waiting_time": 379.97634864339994,
        "priority": 2,
        "predicted_priority": 2,
        "prompt_length": 52,
        "output_length": 230,
        "predicted_output_length": 200.0
    },
    "60": {
        "user_request_id": 60,
        "waiting_time": 758.0567462563998,
        "priority": 4,
        "predicted_priority": 4,
        "prompt_length": 428,
        "output_length": 194,
        "predicted_output_length": 200.0
    },
    "61": {
        "user_request_id": 61,
        "waiting_time": 287.4351517062,
        "priority": 1,
        "predicted_priority": 1,
        "prompt_length": 134,
        "output_length": 364,
        "predicted_output_length": 400.0
    },
    "62": {
        "user_request_id": 62,
        "waiting_time": 894.2473448054998,
        "priority": 4,
        "predicted_priority": 4,
        "prompt_length": 36,
        "output_length": 449,
        "predicted_output_length": 500.0
    },
    "63": {
        "user_request_id": 63,
        "waiting_time": 810.0784970752999,
        "priority": 4,
        "predicted_priority": 4,
        "prompt_length": 114,
        "output_length": 345,
        "predicted_output_length": 300.0
    },
    "64": {
        "user_request_id": 64,
        "waiting_time": 766.9686666465998,
        "priority": 4,
        "predicted_priority": 4,
        "prompt_length": 37,
        "output_length": 291,
        "predicted_output_length": 300.0
    },
    "65": {
        "user_request_id": 65,
        "waiting_time": 493.64048045039993,
        "priority": 2,
        "predicted_priority": 2,
        "prompt_length": 332,
        "output_length": 448,
        "predicted_output_length": 400.0
    },
    "66": {
        "user_request_id": 66,
        "waiting_time": 631.4208111934997,
        "priority": 3,
        "predicted_priority": 3,
        "prompt_length": 155,
        "output_length": 213,
        "predicted_output_length": 300.0
    },
    "67": {
        "user_request_id": 67,
        "waiting_time": 0.5441869977,
        "priority": 0,
        "predicted_priority": 0,
        "prompt_length": 180,
        "output_length": 17,
        "predicted_output_length": 1
    },
    "68": {
        "user_request_id": 68,
        "waiting_time": 731.2541932394997,
        "priority": 4,
        "predicted_priority": 4,
        "prompt_length": 224,
        "output_length": 206,
        "predicted_output_length": 200.0
    },
    "69": {
        "user_request_id": 69,
        "waiting_time": 665.2421014903997,
        "priority": 3,
        "predicted_priority": 3,
        "prompt_length": 93,
        "output_length": 447,
        "predicted_output_length": 500.0
    },
    "70": {
        "user_request_id": 70,
        "waiting_time": 405.1512781853,
        "priority": 2,
        "predicted_priority": 2,
        "prompt_length": 32,
        "output_length": 360,
        "predicted_output_length": 300.0
    },
    "71": {
        "user_request_id": 71,
        "waiting_time": 740.3765996231998,
        "priority": 4,
        "predicted_priority": 4,
        "prompt_length": 258,
        "output_length": 291,
        "predicted_output_length": 200.0
    },
    "72": {
        "user_request_id": 72,
        "waiting_time": 219.6272650306,
        "priority": 1,
        "predicted_priority": 1,
        "prompt_length": 240,
        "output_length": 215,
        "predicted_output_length": 300.0
    },
    "73": {
        "user_request_id": 73,
        "waiting_time": 436.5839604672,
        "priority": 2,
        "predicted_priority": 2,
        "prompt_length": 21,
        "output_length": 396,
        "predicted_output_length": 400.0
    },
    "74": {
        "user_request_id": 74,
        "waiting_time": 297.9714888013,
        "priority": 1,
        "predicted_priority": 1,
        "prompt_length": 306,
        "output_length": 340,
        "predicted_output_length": 400.0
    },
    "75": {
        "user_request_id": 75,
        "waiting_time": 239.47552450459997,
        "priority": 1,
        "predicted_priority": 1,
        "prompt_length": 52,
        "output_length": 364,
        "predicted_output_length": 400.0
    },
    "76": {
        "user_request_id": 76,
        "waiting_time": 174.84725924129998,
        "priority": 1,
        "predicted_priority": 1,
        "prompt_length": 359,
        "output_length": 24,
        "predicted_output_length": 100.0
    },
    "77": {
        "user_request_id": 77,
        "waiting_time": 2.9870945618,
        "priority": 0,
        "predicted_priority": 0,
        "prompt_length": 201,
        "output_length": 85,
        "predicted_output_length": 1
    },
    "78": {
        "user_request_id": 78,
        "waiting_time": 724.6340979732998,
        "priority": 4,
        "predicted_priority": 4,
        "prompt_length": 103,
        "output_length": 229,
        "predicted_output_length": 200.0
    },
    "79": {
        "user_request_id": 79,
        "waiting_time": 362.77767437329993,
        "priority": 2,
        "predicted_priority": 2,
        "prompt_length": 134,
        "output_length": 33,
        "predicted_output_length": 100.0
    },
    "80": {
        "user_request_id": 80,
        "waiting_time": 606.3550888668997,
        "priority": 3,
        "predicted_priority": 3,
        "prompt_length": 184,
        "output_length": 133,
        "predicted_output_length": 200.0
    },
    "81": {
        "user_request_id": 81,
        "waiting_time": 158.6333388289,
        "priority": 0,
        "predicted_priority": 0,
        "prompt_length": 464,
        "output_length": 360,
        "predicted_output_length": 400.0
    },
    "82": {
        "user_request_id": 82,
        "waiting_time": 17.8062031606,
        "priority": 0,
        "predicted_priority": 0,
        "prompt_length": 375,
        "output_length": 81,
        "predicted_output_length": 100.0
    },
    "83": {
        "user_request_id": 83,
        "waiting_time": 187.5906519466,
        "priority": 1,
        "predicted_priority": 1,
        "prompt_length": 241,
        "output_length": 229,
        "predicted_output_length": 200.0
    },
    "84": {
        "user_request_id": 84,
        "waiting_time": 228.07643026489998,
        "priority": 1,
        "predicted_priority": 1,
        "prompt_length": 430,
        "output_length": 271,
        "predicted_output_length": 300.0
    },
    "85": {
        "user_request_id": 85,
        "waiting_time": 147.0736286458,
        "priority": 0,
        "predicted_priority": 0,
        "prompt_length": 462,
        "output_length": 454,
        "predicted_output_length": 400.0
    },
    "86": {
        "user_request_id": 86,
        "waiting_time": 85.39809776770002,
        "priority": 0,
        "predicted_priority": 0,
        "prompt_length": 471,
        "output_length": 250,
        "predicted_output_length": 300.0
    },
    "87": {
        "user_request_id": 87,
        "waiting_time": 923.8458007177998,
        "priority": 4,
        "predicted_priority": 4,
        "prompt_length": 292,
        "output_length": 465,
        "predicted_output_length": 500.0
    },
    "88": {
        "user_request_id": 88,
        "waiting_time": 602.0341275384997,
        "priority": 3,
        "predicted_priority": 3,
        "prompt_length": 87,
        "output_length": 288,
        "predicted_output_length": 200.0
    },
    "89": {
        "user_request_id": 89,
        "waiting_time": 870.0829545810998,
        "priority": 4,
        "predicted_priority": 4,
        "prompt_length": 358,
        "output_length": 310,
        "predicted_output_length": 400.0
    },
    "90": {
        "user_request_id": 90,
        "waiting_time": 505.52653566949994,
        "priority": 2,
        "predicted_priority": 2,
        "prompt_length": 345,
        "output_length": 387,
        "predicted_output_length": 400.0
    },
    "91": {
        "user_request_id": 91,
        "waiting_time": 682.5821310870998,
        "priority": 4,
        "predicted_priority": 4,
        "prompt_length": 105,
        "output_length": 1,
        "predicted_output_length": 1
    },
    "92": {
        "user_request_id": 92,
        "waiting_time": 326.90311263179996,
        "priority": 1,
        "predicted_priority": 1,
        "prompt_length": 495,
        "output_length": 453,
        "predicted_output_length": 400.0
    },
    "93": {
        "user_request_id": 93,
        "waiting_time": 175.12663224279999,
        "priority": 1,
        "predicted_priority": 1,
        "prompt_length": 393,
        "output_length": 20,
        "predicted_output_length": 100.0
    },
    "94": {
        "user_request_id": 94,
        "waiting_time": 710.9601903444999,
        "priority": 4,
        "predicted_priority": 4,
        "prompt_length": 30,
        "output_length": 254,
        "predicted_output_length": 200.0
    },
    "95": {
        "user_request_id": 95,
        "waiting_time": 583.9272922840998,
        "priority": 3,
        "predicted_priority": 3,
        "prompt_length": 404,
        "output_length": 167,
        "predicted_output_length": 100.0
    },
    "96": {
        "user_request_id": 96,
        "waiting_time": 703.1972858399998,
        "priority": 4,
        "predicted_priority": 4,
        "prompt_length": 347,
        "output_length": 160,
        "predicted_output_length": 100.0
    },
    "97": {
        "user_request_id": 97,
        "waiting_time": 449.4630736619,
        "priority": 2,
        "predicted_priority": 2,
        "prompt_length": 82,
        "output_length": 429,
        "predicted_output_length": 400.0
    },
    "98": {
        "user_request_id": 98,
        "waiting_time": 613.8071084631997,
        "priority": 3,
        "predicted_priority": 3,
        "prompt_length": 433,
        "output_length": 240,
        "predicted_output_length": 200.0
    },
    "99": {
        "user_request_id": 99,
        "waiting_time": 575.6077800249999,
        "priority": 3,
        "predicted_priority": 3,
        "prompt_length": 83,
        "output_length": 26,
        "predicted_output_length": 1
    },
    "100": {
        "user_request_id": 100,
        "waiting_time": 572.4677169308999,
        "priority": 2,
        "predicted_priority": 2,
        "prompt_length": 176,
        "output_length": 415,
        "predicted_output_length": 500.0
    },
    "101": {
        "user_request_id": 101,
        "waiting_time": 110.024765798,
        "priority": 0,
        "predicted_priority": 0,
        "prompt_length": 272,
        "output_length": 422,
        "predicted_output_length": 400.0
    },
    "102": {
        "user_request_id": 102,
        "waiting_time": 463.24948733819997,
        "priority": 2,
        "predicted_priority": 2,
        "prompt_length": 129,
        "output_length": 449,
        "predicted_output_length": 400.0
    },
    "103": {
        "user_request_id": 103,
        "waiting_time": 908.9182535418998,
        "priority": 4,
        "predicted_priority": 4,
        "prompt_length": 61,
        "output_length": 499,
        "predicted_output_length": 500.0
    },
    "104": {
        "user_request_id": 104,
        "waiting_time": 171.4022893542,
        "priority": 0,
        "predicted_priority": 0,
        "prompt_length": 306,
        "output_length": 416,
        "predicted_output_length": 500.0
    },
    "105": {
        "user_request_id": 105,
        "waiting_time": 637.6444282446998,
        "priority": 3,
        "predicted_priority": 3,
        "prompt_length": 472,
        "output_length": 213,
        "predicted_output_length": 300.0
    },
    "106": {
        "user_request_id": 106,
        "waiting_time": 691.4729190935998,
        "priority": 4,
        "predicted_priority": 4,
        "prompt_length": 227,
        "output_length": 97,
        "predicted_output_length": 100.0
    },
    "107": {
        "user_request_id": 107,
        "waiting_time": 388.063133145,
        "priority": 2,
        "predicted_priority": 2,
        "prompt_length": 341,
        "output_length": 281,
        "predicted_output_length": 200.0
    },
    "108": {
        "user_request_id": 108,
        "waiting_time": 342.05449794929996,
        "priority": 1,
        "predicted_priority": 1,
        "prompt_length": 90,
        "output_length": 494,
        "predicted_output_length": 500.0
    },
    "109": {
        "user_request_id": 109,
        "waiting_time": 212.31321393300001,
        "priority": 1,
        "predicted_priority": 1,
        "prompt_length": 7,
        "output_length": 325,
        "predicted_output_length": 300.0
    },
    "110": {
        "user_request_id": 110,
        "waiting_time": 10.1756663377,
        "priority": 0,
        "predicted_priority": 0,
        "prompt_length": 242,
        "output_length": 43,
        "predicted_output_length": 100.0
    },
    "111": {
        "user_request_id": 111,
        "waiting_time": 518.9663536814999,
        "priority": 2,
        "predicted_priority": 2,
        "prompt_length": 349,
        "output_length": 429,
        "predicted_output_length": 400.0
    },
    "average_waiting_time_with_priority": {
        "0": 63.2185245881,
        "1": 237.147222993,
        "2": 441.9705718304,
        "3": 611.7764026989,
        "4": 778.3992811406
    },
    "total_waiting_time": 49676.623253289064
}