{
    "0": {
        "user_request_id": 0,
        "waiting_time": 183.70326687359997,
        "priority": 4,
        "predicted_priority": 4,
        "prompt_length": 245,
        "output_length": 171,
        "predicted_output_length": 500.0
    },
    "1": {
        "user_request_id": 1,
        "waiting_time": 45.0880520033,
        "priority": 1,
        "predicted_priority": 1,
        "prompt_length": 227,
        "output_length": 125,
        "predicted_output_length": 100.0
    },
    "2": {
        "user_request_id": 2,
        "waiting_time": 178.36450843629999,
        "priority": 4,
        "predicted_priority": 4,
        "prompt_length": 444,
        "output_length": 374,
        "predicted_output_length": 100.0
    },
    "3": {
        "user_request_id": 3,
        "waiting_time": 50.3151510917,
        "priority": 1,
        "predicted_priority": 1,
        "prompt_length": 267,
        "output_length": 167,
        "predicted_output_length": 500.0
    },
    "4": {
        "user_request_id": 4,
        "waiting_time": 78.21149793410001,
        "priority": 2,
        "predicted_priority": 2,
        "prompt_length": 134,
        "output_length": 361,
        "predicted_output_length": 100.0
    },
    "5": {
        "user_request_id": 5,
        "waiting_time": 37.4455406686,
        "priority": 1,
        "predicted_priority": 1,
        "prompt_length": 32,
        "output_length": 446,
        "predicted_output_length": 100.0
    },
    "6": {
        "user_request_id": 6,
        "waiting_time": 1.0876549236,
        "priority": 0,
        "predicted_priority": 0,
        "prompt_length": 413,
        "output_length": 33,
        "predicted_output_length": 500.0
    },
    "7": {
        "user_request_id": 7,
        "waiting_time": 202.20961855909997,
        "priority": 4,
        "predicted_priority": 4,
        "prompt_length": 471,
        "output_length": 98,
        "predicted_output_length": 500.0
    },
    "8": {
        "user_request_id": 8,
        "waiting_time": 90.0840853648,
        "priority": 2,
        "predicted_priority": 2,
        "prompt_length": 281,
        "output_length": 470,
        "predicted_output_length": 100.0
    },
    "9": {
        "user_request_id": 9,
        "waiting_time": 198.05323863029997,
        "priority": 4,
        "predicted_priority": 4,
        "prompt_length": 469,
        "output_length": 291,
        "predicted_output_length": 500.0
    },
    "10": {
        "user_request_id": 10,
        "waiting_time": 147.8913824211,
        "priority": 4,
        "predicted_priority": 4,
        "prompt_length": 8,
        "output_length": 114,
        "predicted_output_length": 100.0
    },
    "11": {
        "user_request_id": 11,
        "waiting_time": 38.1938978644,
        "priority": 1,
        "predicted_priority": 1,
        "prompt_length": 48,
        "output_length": 123,
        "predicted_output_length": 100.0
    },
    "12": {
        "user_request_id": 12,
        "waiting_time": 129.5667878763,
        "priority": 2,
        "predicted_priority": 2,
        "prompt_length": 369,
        "output_length": 412,
        "predicted_output_length": 100.0
    },
    "13": {
        "user_request_id": 13,
        "waiting_time": 19.7270138198,
        "priority": 0,
        "predicted_priority": 0,
        "prompt_length": 431,
        "output_length": 496,
        "predicted_output_length": 100.0
    },
    "14": {
        "user_request_id": 14,
        "waiting_time": 2.2736103869,
        "priority": 0,
        "predicted_priority": 0,
        "prompt_length": 205,
        "output_length": 73,
        "predicted_output_length": 100.0
    },
    "15": {
        "user_request_id": 15,
        "waiting_time": 115.4436714554,
        "priority": 2,
        "predicted_priority": 2,
        "prompt_length": 364,
        "output_length": 412,
        "predicted_output_length": 100.0
    },
    "16": {
        "user_request_id": 16,
        "waiting_time": 142.4393986022,
        "priority": 3,
        "predicted_priority": 3,
        "prompt_length": 423,
        "output_length": 279,
        "predicted_output_length": 500.0
    },
    "17": {
        "user_request_id": 17,
        "waiting_time": 161.3773300543,
        "priority": 4,
        "predicted_priority": 4,
        "prompt_length": 402,
        "output_length": 230,
        "predicted_output_length": 100.0
    },
    "18": {
        "user_request_id": 18,
        "waiting_time": 1.7819892103,
        "priority": 0,
        "predicted_priority": 0,
        "prompt_length": 343,
        "output_length": 47,
        "predicted_output_length": 100.0
    },
    "19": {
        "user_request_id": 19,
        "waiting_time": 61.0075583664,
        "priority": 2,
        "predicted_priority": 2,
        "prompt_length": 321,
        "output_length": 42,
        "predicted_output_length": 1
    },
    "20": {
        "user_request_id": 20,
        "waiting_time": 131.5398981185,
        "priority": 3,
        "predicted_priority": 3,
        "prompt_length": 1,
        "output_length": 164,
        "predicted_output_length": 500.0
    },
    "21": {
        "user_request_id": 21,
        "waiting_time": 100.327124484,
        "priority": 2,
        "predicted_priority": 2,
        "prompt_length": 314,
        "output_length": 449,
        "predicted_output_length": 100.0
    },
    "22": {
        "user_request_id": 22,
        "waiting_time": 152.063873361,
        "priority": 4,
        "predicted_priority": 4,
        "prompt_length": 253,
        "output_length": 261,
        "predicted_output_length": 100.0
    },
    "23": {
        "user_request_id": 23,
        "waiting_time": 57.6607098164,
        "priority": 1,
        "predicted_priority": 1,
        "prompt_length": 424,
        "output_length": 478,
        "predicted_output_length": 500.0
    },
    "24": {
        "user_request_id": 24,
        "waiting_time": 183.72386166289996,
        "priority": 4,
        "predicted_priority": 4,
        "prompt_length": 445,
        "output_length": 251,
        "predicted_output_length": 500.0
    },
    "average_waiting_time_with_priority": {
        "0": 6.2175670852,
        "1": 45.7406702889,
        "2": 95.7734542468,
        "3": 136.9896483603,
        "4": 175.9233849998
    },
    "total_waiting_time": 2509.5807219852995
}